time,predicted_energy,actual_energy,abs_error,rel_error,savings,savings_rate,date
2025-12-01 16:00:00,1999.21,1969.28,29.930000000000064,1.519844816379594,-29.930000000000064,-1.4970913510836812,2025-12-01
2025-12-01 17:00:00,1995.86,1797.33,198.52999999999997,11.045829090929322,-198.52999999999997,-9.947090477287986,2025-12-01
2025-12-01 18:00:00,2043.97,1848.91,195.05999999999995,10.549999729570391,-195.05999999999995,-9.543192904005437,2025-12-01
2025-12-01 19:00:00,2041.29,1878.51,162.77999999999997,8.665378411613458,-162.77999999999997,-7.974369148920535,2025-12-01
2025-12-01 20:00:00,1830.1,1875.67,45.570000000000164,2.429531847286578,45.570000000000164,2.490027867329663,2025-12-01
2025-12-01 21:00:00,1819.79,1873.21,53.42000000000007,2.8517891747321484,53.42000000000007,2.935503547112583,2025-12-01
2025-12-01 22:00:00,1976.33,1889.51,86.81999999999994,4.594842048996826,-86.81999999999994,-4.39299104906569,2025-12-01
2025-12-01 23:00:00,1817.65,1926.0,108.34999999999991,5.625649013499475,108.34999999999991,5.960993590625253,2025-12-01
2025-12-02 00:00:00,2025.17,1778.53,246.6400000000001,13.867632258100798,-246.6400000000001,-12.178730674461901,2025-12-02
2025-12-02 01:00:00,1818.13,1894.12,75.98999999999978,4.011889426224304,75.98999999999978,4.179569117719843,2025-12-02
2025-12-02 02:00:00,1974.88,1801.25,173.6300000000001,9.639417071478146,-173.6300000000001,-8.791926598071786,2025-12-02
2025-12-02 03:00:00,1802.67,1842.48,39.809999999999945,2.1606747427380455,39.809999999999945,2.2083908868511677,2025-12-02
2025-12-02 04:00:00,1808.87,1846.41,37.54000000000019,2.033134569245194,37.54000000000019,2.0753287964309317,2025-12-02
2025-12-02 05:00:00,1782.32,1876.66,94.34000000000015,5.027016081762287,94.34000000000015,5.29310112662149,2025-12-02
2025-12-02 06:00:00,1800.66,1825.69,25.029999999999973,1.370988502976955,25.029999999999973,1.3900458720691287,2025-12-02
2025-12-02 07:00:00,1807.65,1835.67,28.019999999999982,1.5264181470525737,28.019999999999982,1.5500788316322285,2025-12-02
2025-12-02 08:00:00,1740.98,1813.0,72.01999999999998,3.972421400992829,72.01999999999998,4.1367505657732995,2025-12-02
2025-12-02 09:00:00,1813.11,1842.08,28.970000000000027,1.5726787110223244,28.970000000000027,1.597807082857633,2025-12-02
2025-12-02 10:00:00,1791.11,1768.58,22.529999999999973,1.2739033574958427,-22.529999999999973,-1.2578791922327481,2025-12-02
2025-12-02 11:00:00,1774.25,1778.22,3.9700000000000273,0.22325696483000007,3.9700000000000273,0.22375651683810213,2025-12-02
2025-12-02 12:00:00,1817.0,1768.12,48.88000000000011,2.764518245367968,-48.88000000000011,-2.690148596587788,2025-12-02
2025-12-02 13:00:00,1769.44,1766.62,2.8200000000001637,0.15962685806795823,-2.8200000000001637,-0.15937245682250675,2025-12-02
2025-12-02 14:00:00,1815.94,1741.25,74.69000000000005,4.289447236180908,-74.69000000000005,-4.113021355331126,2025-12-02
2025-12-02 15:00:00,1791.31,1715.42,75.88999999999987,4.423989460307089,-75.88999999999987,-4.236564302102924,2025-12-02
2025-12-02 16:00:00,1806.43,1782.3,24.13000000000011,1.3538685967570054,-24.13000000000011,-1.3357838388423635,2025-12-02
2025-12-02 17:00:00,1813.02,1817.81,4.789999999999964,0.26350388654479645,4.789999999999964,0.26420006398164186,2025-12-02
2025-12-02 18:00:00,1758.21,1821.72,63.50999999999999,3.4862657268954607,63.50999999999999,3.6121964952991954,2025-12-02
2025-12-02 19:00:00,1799.64,1793.87,5.770000000000209,0.321650955754888,-5.770000000000209,-0.32061967949146547,2025-12-02
2025-12-02 20:00:00,1789.39,1807.0,17.6099999999999,0.974543442169336,17.6099999999999,0.9841342580432382,2025-12-02
2025-12-02 21:00:00,1804.91,1787.8,17.110000000000127,0.9570421747399108,-17.110000000000127,-0.9479697048606371,2025-12-02
2025-12-02 22:00:00,1812.44,1829.75,17.309999999999945,0.946030878535316,17.309999999999945,0.9550660987398173,2025-12-02
2025-12-02 23:00:00,1968.29,1825.27,143.01999999999998,7.835553096254253,-143.01999999999998,-7.266205691234523,2025-12-02
2025-12-03 00:00:00,1830.58,1812.4,18.179999999999836,1.0030898256455438,-18.179999999999836,-0.9931278611150476,2025-12-03
2025-12-03 01:00:00,1966.78,1810.69,156.08999999999992,8.620470649310478,-156.08999999999992,-7.936322313629381,2025-12-03
2025-12-03 02:00:00,1818.94,1760.19,58.75,3.3377078610831785,-58.75,-3.2299031303946255,2025-12-03
2025-12-03 03:00:00,1767.2,1779.14,11.940000000000055,0.6711107613790963,11.940000000000055,0.6756450882752407,2025-12-03
2025-12-03 04:00:00,1817.13,1786.75,30.38000000000011,1.7002938295788503,-30.38000000000011,-1.6718671751608363,2025-12-03
2025-12-03 05:00:00,1809.74,1757.19,52.549999999999955,2.990570171694578,-52.549999999999955,-2.9037320278050966,2025-12-03
2025-12-03 06:00:00,1813.07,1758.64,54.429999999999836,3.0950052313150977,-54.429999999999836,-3.002090377095194,2025-12-03
2025-12-03 07:00:00,1816.85,1715.62,101.23000000000002,5.900490784672598,-101.23000000000002,-5.571731293172251,2025-12-03
2025-12-03 08:00:00,1676.09,1666.23,9.8599999999999,0.591755039820427,-9.8599999999999,-0.5882738993729394,2025-12-03
2025-12-03 09:00:00,1756.5,1698.21,58.289999999999964,3.4324376843853215,-58.289999999999964,-3.31853116994022,2025-12-03
2025-12-03 10:00:00,1801.29,1764.94,36.34999999999991,2.059560098360279,-36.34999999999991,-2.017998212392225,2025-12-03
2025-12-03 11:00:00,1794.97,1752.05,42.92000000000007,2.449701777917301,-42.92000000000007,-2.391126314088819,2025-12-03
2025-12-03 12:00:00,1779.14,1770.63,8.509999999999991,0.48061989235469804,-8.509999999999991,-0.47832098654406,2025-12-03
2025-12-03 13:00:00,1858.67,1767.62,91.05000000000018,5.150993991921351,-91.05000000000018,-4.898664098522071,2025-12-03
2025-12-03 14:00:00,1866.24,1779.27,86.97000000000003,4.887959668852957,-86.97000000000003,-4.660172325102882,2025-12-03
2025-12-03 15:00:00,1874.75,1834.04,40.710000000000036,2.219689864997494,-40.710000000000036,-2.1714895319375938,2025-12-03
2025-12-03 16:00:00,1879.53,1826.12,53.41000000000008,2.9247804087354656,-53.41000000000008,-2.841667863774459,2025-12-03
2025-12-03 17:00:00,1819.87,1812.62,7.25,0.3999735189946045,-7.25,-0.3983801040733679,2025-12-03
2025-12-03 18:00:00,1792.09,1789.04,3.0499999999999545,0.17048249340428134,-3.0499999999999545,-0.17019234525051502,2025-12-03
2025-12-03 19:00:00,1809.33,1752.65,56.679999999999836,3.2339600034233777,-56.679999999999836,-3.132651312916927,2025-12-03
2025-12-03 20:00:00,1777.14,1696.45,80.69000000000005,4.756403077013767,-80.69000000000005,-4.540441383346279,2025-12-03
2025-12-03 21:00:00,1715.83,1757.63,41.80000000000018,2.3782024658204612,41.80000000000018,2.43613877831721,2025-12-03
2025-12-03 22:00:00,1795.61,1798.69,3.0800000000001546,0.17123573267211997,3.0800000000001546,0.17152945238666273,2025-12-03
2025-12-03 23:00:00,1969.45,1826.99,142.46000000000004,7.797524890667165,-142.46000000000004,-7.233491583944758,2025-12-03
2025-12-04 00:00:00,1814.06,1791.59,22.470000000000027,1.254193202685884,-22.470000000000027,-1.2386580377716299,2025-12-04
2025-12-04 01:00:00,1821.09,1786.17,34.919999999999845,1.9550210786207272,-34.919999999999845,-1.917532906116658,2025-12-04
2025-12-04 09:00:00,1833.01,1657.62,175.3900000000001,10.580832760222494,-175.3900000000001,-9.568414793154433,2025-12-04
2025-12-04 10:00:00,1820.59,1670.19,150.39999999999986,9.004963507145886,-150.39999999999986,-8.261058228376509,2025-12-04
2025-12-04 11:00:00,1823.5,1552.16,271.3399999999999,17.481445211833826,-271.3399999999999,-14.880175486701393,2025-12-04
2025-12-04 12:00:00,1841.04,1702.1,138.94000000000005,8.162857646436757,-138.94000000000005,-7.546821361838964,2025-12-04
2025-12-04 13:00:00,1887.39,1734.0,153.3900000000001,8.846020761245681,-153.3900000000001,-8.127096148649727,2025-12-04
2025-12-04 14:00:00,1903.84,1795.36,108.48000000000002,6.042242224400678,-108.48000000000002,-5.697957811580806,2025-12-04
2025-12-04 15:00:00,1909.37,1801.02,108.34999999999991,6.016035357741719,-108.34999999999991,-5.674646611185884,2025-12-04
2025-12-04 16:00:00,1912.29,1815.36,96.93000000000006,5.339436805922796,-96.93000000000006,-5.068791867342299,2025-12-04
2025-12-04 17:00:00,1888.0,1815.12,72.88000000000011,4.015161532019928,-72.88000000000011,-3.8601694915254297,2025-12-04
2025-12-04 18:00:00,1842.07,1814.27,27.799999999999955,1.5322967364284232,-27.799999999999955,-1.5091717470020116,2025-12-04
2025-12-04 19:00:00,1826.05,1810.96,15.089999999999918,0.8332597075584175,-15.089999999999918,-0.8263738670901629,2025-12-04
2025-12-04 20:00:00,1802.96,1790.78,12.180000000000064,0.6801505489228193,-12.180000000000064,-0.6755557527621281,2025-12-04
2025-12-04 21:00:00,1802.52,1721.46,81.05999999999995,4.708793698372308,-81.05999999999995,-4.497037480860127,2025-12-04
2025-12-04 22:00:00,1790.61,1788.43,2.1799999999998363,0.12189462265785277,-2.1799999999998363,-0.12174622056169888,2025-12-04
2025-12-04 23:00:00,1800.0,1796.78,3.2200000000000273,0.17920947472701318,-3.2200000000000273,-0.1788888888888904,2025-12-04
2025-12-05 00:00:00,1836.68,1776.62,60.06000000000017,3.380576600511093,-60.06000000000017,-3.2700307075810793,2025-12-05
2025-12-05 01:00:00,1841.88,1766.75,75.13000000000011,4.252440922597997,-75.13000000000011,-4.078984515820797,2025-12-05
2025-12-05 02:00:00,1828.73,1769.62,59.11000000000013,3.3402651416688403,-59.11000000000013,-3.232297824173067,2025-12-05
2025-12-05 03:00:00,1827.07,1771.62,55.450000000000045,3.1299037039545756,-55.450000000000045,-3.0349138237724906,2025-12-05
2025-12-05 04:00:00,1826.36,1741.68,84.67999999999984,4.861972348537035,-84.67999999999984,-4.636544821393364,2025-12-05
2025-12-05 05:00:00,1826.36,1751.13,75.22999999999979,4.29608310062644,-75.22999999999979,-4.119122188396581,2025-12-05
2025-12-05 06:00:00,1826.39,1746.28,80.11000000000013,4.58746592757176,-80.11000000000013,-4.386248282130329,2025-12-05
2025-12-05 07:00:00,1829.19,1736.78,92.41000000000008,5.320766015269641,-92.41000000000008,-5.051962890678392,2025-12-05
2025-12-05 08:00:00,1829.42,1735.44,93.98000000000002,5.41534135435394,-93.98000000000002,-5.137147292584536,2025-12-05
2025-12-05 09:00:00,1838.53,1718.6,119.93000000000006,6.97835447457233,-119.93000000000006,-6.523146209199744,2025-12-05
2025-12-05 10:00:00,1839.52,1735.6,103.92000000000007,5.987554736114316,-103.92000000000007,-5.649299817343659,2025-12-05
2025-12-05 11:00:00,1837.61,1755.47,82.13999999999987,4.679088791036012,-82.13999999999987,-4.469936493597655,2025-12-05
2025-12-05 12:00:00,1833.76,1801.85,31.910000000000082,1.7709576268834855,-31.910000000000082,-1.7401404763982244,2025-12-05
2025-12-05 13:00:00,1840.98,1826.45,14.529999999999973,0.7955323167893987,-14.529999999999973,-0.789253549739811,2025-12-05
2025-12-05 14:00:00,1838.32,1856.13,17.810000000000173,0.9595233092509777,17.810000000000173,0.9688193568040478,2025-12-05
2025-12-05 15:00:00,1849.29,1832.04,17.25,0.9415733280932731,-17.25,-0.9327904222701685,2025-12-05
2025-12-05 16:00:00,1854.3,1845.29,9.009999999999991,0.48827013640132394,-9.009999999999991,-0.4858976433155364,2025-12-05
2025-12-05 17:00:00,1834.71,1825.6,9.110000000000127,0.49901402278703594,-9.110000000000127,-0.4965362373345176,2025-12-05
2025-12-05 18:00:00,1808.68,1814.93,6.25,0.34436589840930504,6.25,0.3455558750027644,2025-12-05
2025-12-05 19:00:00,1770.49,1803.65,33.16000000000008,1.8384941646106552,33.16000000000008,1.8729278335376127,2025-12-05
2025-12-05 20:00:00,1772.67,1786.76,14.089999999999918,0.7885782086010387,14.089999999999918,0.7948461924667263,2025-12-05
2025-12-05 21:00:00,1740.43,1807.14,66.71000000000004,3.6914682869063844,66.71000000000004,3.832960820027237,2025-12-05
2025-12-05 22:00:00,1795.58,1785.21,10.36999999999989,0.5808840416533568,-10.36999999999989,-0.5775292663094873,2025-12-05
2025-12-05 23:00:00,1808.95,1786.53,22.420000000000073,1.2549467403290218,-22.420000000000073,-1.2393930180491486,2025-12-05
2025-12-06 00:00:00,1817.07,1729.52,87.54999999999995,5.062098154401219,-87.54999999999995,-4.818196327053991,2025-12-06
2025-12-06 01:00:00,1816.31,1707.53,108.77999999999997,6.3706054944861865,-108.77999999999997,-5.989065743182605,2025-12-06
2025-12-06 02:00:00,1758.63,1686.93,71.70000000000005,4.2503245540716,-71.70000000000005,-4.077037239214619,2025-12-06
2025-12-06 03:00:00,1667.48,1702.06,34.57999999999993,2.0316557583163886,34.57999999999993,2.073787991460163,2025-12-06
2025-12-06 04:00:00,1695.05,1695.55,0.5,0.029488956385833508,0.5,0.029497654936432555,2025-12-06
2025-12-06 05:00:00,1658.66,1691.32,32.659999999999854,1.9310361138045937,32.659999999999854,1.969059361171057,2025-12-06
2025-12-06 06:00:00,1739.16,1658.71,80.45000000000005,4.850154638242975,-80.45000000000005,-4.625796361461858,2025-12-06
2025-12-06 07:00:00,1631.91,1657.31,25.399999999999864,1.5326040390753608,25.399999999999864,1.5564583831216097,2025-12-06
2025-12-06 08:00:00,1620.3,1687.98,67.68000000000006,4.009526179220137,67.68000000000006,4.1770042584706575,2025-12-06
2025-12-06 09:00:00,1695.8,1749.64,53.840000000000146,3.0772044534875826,53.840000000000146,3.1749027007901964,2025-12-06
2025-12-06 10:00:00,1811.64,1796.93,14.710000000000036,0.8186184214187551,-14.710000000000036,-0.8119714733611554,2025-12-06
2025-12-06 11:00:00,1887.12,1826.23,60.88999999999987,3.3341912026415,-60.88999999999987,-3.226609860528206,2025-12-06
2025-12-06 12:00:00,1927.2,1886.36,40.840000000000146,2.1650162217180258,-40.840000000000146,-2.1191365711913734,2025-12-06
2025-12-06 13:00:00,1898.39,1902.88,4.490000000000009,0.23595812662911003,4.490000000000009,0.2365162058375786,2025-12-06
2025-12-06 14:00:00,2044.87,1940.87,104.0,5.358421738704807,-104.0,-5.085897881038893,2025-12-06
2025-12-06 15:00:00,2035.2,1956.85,78.35000000000014,4.0038837928303215,-78.35000000000014,-3.8497444968553527,2025-12-06
2025-12-06 16:00:00,2046.49,1975.83,70.66000000000008,3.5762186018027906,-70.66000000000008,-3.452741034649575,2025-12-06
2025-12-06 17:00:00,1907.32,1832.01,75.30999999999995,4.110785421476955,-75.30999999999995,-3.948472201832936,2025-12-06
2025-12-06 18:00:00,2030.57,1936.57,94.0,4.853942795767775,-94.0,-4.6292420354875725,2025-12-06
2025-12-06 19:00:00,1894.97,1926.5,31.529999999999973,1.6366467687516206,31.529999999999973,1.6638785838298218,2025-12-06
2025-12-06 20:00:00,1898.08,1904.96,6.880000000000109,0.36116243910633866,6.880000000000109,0.3624715501981007,2025-12-06
2025-12-06 21:00:00,1888.5,1870.88,17.61999999999989,0.9418027879928104,-17.61999999999989,-0.9330156208631131,2025-12-06
2025-12-06 22:00:00,2024.45,1873.93,150.51999999999998,8.032317108963515,-150.51999999999998,-7.435105831213415,2025-12-06
2025-12-06 23:00:00,1993.82,1877.43,116.38999999999987,6.1994322025321775,-116.38999999999987,-5.837537992396499,2025-12-06
2025-12-07 00:00:00,2048.22,1945.59,102.62999999999988,5.275006553282032,-102.62999999999988,-5.0106922107976635,2025-12-07
2025-12-07 01:00:00,1834.0,1766.52,67.48000000000002,3.819939768584563,-67.48000000000002,-3.6793893129771003,2025-12-07
2025-12-07 02:00:00,1988.11,1852.5,135.6099999999999,7.320377867746283,-135.6099999999999,-6.821051149081284,2025-12-07
2025-12-07 03:00:00,1986.8,1838.6,148.20000000000005,8.060480800609161,-148.20000000000005,-7.459230924099056,2025-12-07
2025-12-07 04:00:00,1987.89,1916.42,71.47000000000003,3.729349516285575,-71.47000000000003,-3.59526935595028,2025-12-07
2025-12-07 05:00:00,1780.81,1911.48,130.67000000000007,6.836064201561099,130.67000000000007,7.337672182883074,2025-12-07
2025-12-07 06:00:00,1774.01,1909.58,135.56999999999994,7.0994668984802916,135.56999999999994,7.642008782363117,2025-12-07
2025-12-07 07:00:00,1775.66,1907.86,132.19999999999982,6.92922960804251,132.19999999999982,7.445118998006365,2025-12-07
2025-12-07 08:00:00,2042.88,1960.2,82.68000000000006,4.217936945209676,-82.68000000000006,-4.047227443609025,2025-12-07
2025-12-07 09:00:00,2028.86,1984.24,44.61999999999989,2.248719912913755,-44.61999999999989,-2.1992646116538297,2025-12-07
2025-12-07 10:00:00,2106.74,2073.88,32.85999999999967,1.5844696896638026,-32.85999999999967,-1.5597558312843385,2025-12-07
2025-12-07 11:00:00,2079.54,2114.87,35.32999999999993,1.6705518542510855,35.32999999999993,1.6989334179674316,2025-12-07
2025-12-07 12:00:00,2198.86,2141.04,57.820000000000164,2.700556738781161,-57.820000000000164,-2.6295444002801522,2025-12-07
2025-12-07 13:00:00,2108.63,2164.64,56.00999999999976,2.587497228176499,56.00999999999976,2.6562270289239818,2025-12-07
2025-12-07 14:00:00,2237.58,2172.43,65.15000000000009,2.9989458808799405,-65.15000000000009,-2.9116277406841364,2025-12-07
2025-12-07 15:00:00,2077.34,2155.45,78.10999999999967,3.6238372497622158,78.10999999999967,3.760097047185327,2025-12-07
2025-12-07 16:00:00,2076.87,2103.01,26.140000000000327,1.2429802996657326,26.140000000000327,1.2586247574475211,2025-12-07
2025-12-07 17:00:00,2102.53,2109.59,7.059999999999945,0.3346621855431598,7.059999999999945,0.3357859340889283,2025-12-07
2025-12-07 18:00:00,2016.66,2056.99,40.3299999999997,1.9606317969460088,40.3299999999997,1.9998413217894786,2025-12-07
2025-12-07 19:00:00,2077.88,2064.06,13.820000000000164,0.6695541796265692,-13.820000000000164,-0.6651009682946158,2025-12-07
2025-12-07 20:00:00,2026.88,1983.65,43.23000000000002,2.179315907544175,-43.23000000000002,-2.1328347016103573,2025-12-07
2025-12-07 21:00:00,1961.76,1889.8,71.96000000000004,3.8078103503016214,-71.96000000000004,-3.6681347361552907,2025-12-07
2025-12-07 22:00:00,1830.98,1889.99,59.00999999999999,3.1222387420039253,59.00999999999999,3.222864258484527,2025-12-07
2025-12-07 23:00:00,1961.43,1938.66,22.769999999999982,1.1745226083996152,-22.769999999999982,-1.1608877196739105,2025-12-07
2025-12-08 00:00:00,1957.01,1948.39,8.61999999999989,0.4424165593130682,-8.61999999999989,-0.4404678565771198,2025-12-08
2025-12-08 01:00:00,2042.4,1960.44,81.96000000000004,4.18069412988921,-81.96000000000004,-4.01292596944771,2025-12-08
2025-12-08 02:00:00,1991.49,1893.14,98.34999999999991,5.195072736300533,-98.34999999999991,-4.938513374408101,2025-12-08
2025-12-08 03:00:00,1789.1,1882.55,93.45000000000005,4.964011580037718,93.45000000000005,5.223296629590299,2025-12-08
2025-12-08 04:00:00,1785.85,1895.83,109.98000000000002,5.801153056972409,109.98000000000002,6.158411960690989,2025-12-08
2025-12-08 05:00:00,1973.16,1906.68,66.48000000000002,3.4866889042733975,-66.48000000000002,-3.3692148634677377,2025-12-08
2025-12-08 06:00:00,1968.42,1905.35,63.070000000000164,3.310152990264265,-63.070000000000164,-3.204092622509432,2025-12-08
2025-12-08 07:00:00,2016.67,1907.92,108.75,5.699924525137321,-108.75,-5.392553070160214,2025-12-08
2025-12-08 08:00:00,1968.39,1873.54,94.85000000000014,5.062608751347724,-94.85000000000014,-4.818658903977369,2025-12-08
2025-12-08 09:00:00,1785.05,1882.0,96.95000000000005,5.151434643995752,96.95000000000005,5.431220413994009,2025-12-08
2025-12-08 10:00:00,1805.26,1926.89,121.63000000000011,6.312244082433356,121.63000000000011,6.737533651662371,2025-12-08
2025-12-08 11:00:00,1967.07,2083.44,116.37000000000012,5.585474023729991,116.37000000000012,5.915905382116555,2025-12-08
2025-12-08 12:00:00,2029.52,2060.66,31.139999999999873,1.5111663253520657,31.139999999999873,1.534352950451332,2025-12-08
2025-12-08 13:00:00,1973.72,2052.03,78.31000000000017,3.8162210104140857,78.31000000000017,3.9676347202237485,2025-12-08
2025-12-08 14:00:00,2039.73,1993.18,46.549999999999955,2.3354639320081456,-46.549999999999955,-2.2821647963210796,2025-12-08
2025-12-08 15:00:00,2011.86,1961.24,50.61999999999989,2.5810201709122746,-50.61999999999989,-2.516079647689198,2025-12-08
2025-12-08 16:00:00,1901.21,1904.07,2.8599999999999,0.15020456180707117,2.8599999999999,0.15043051530340676,2025-12-08
2025-12-08 17:00:00,1859.14,1894.53,35.38999999999987,1.8680094799237739,35.38999999999987,1.9035683165334438,2025-12-08
2025-12-08 18:00:00,1834.47,1859.11,24.639999999999873,1.3253653629962656,24.639999999999873,1.3431672363134786,2025-12-08
2025-12-08 19:00:00,1809.89,1853.0,43.1099999999999,2.3264975715056613,43.1099999999999,2.3819127129272992,2025-12-08
2025-12-08 20:00:00,1806.95,1878.9,71.95000000000005,3.829368247378788,71.95000000000005,3.9818478651871962,2025-12-08
2025-12-08 21:00:00,1999.66,1858.95,140.71000000000004,7.569326770488718,-140.71000000000004,-7.0366962383605225,2025-12-08
2025-12-08 22:00:00,1989.18,1885.53,103.65000000000009,5.497128128430738,-103.65000000000009,-5.210689831991076,2025-12-08
2025-12-08 23:00:00,1802.63,1901.93,99.29999999999995,5.221012340096636,99.29999999999995,5.508617963752958,2025-12-08
2025-12-09 00:00:00,1814.56,1886.17,71.61000000000013,3.7965824925643035,71.61000000000013,3.946411251212422,2025-12-09
2025-12-09 01:00:00,1816.08,1908.15,92.07000000000016,4.825092366952291,92.07000000000016,5.069710585436774,2025-12-09
2025-12-09 02:00:00,1812.44,1846.48,34.039999999999964,1.8435076469823644,34.039999999999964,1.8781311381342258,2025-12-09
2025-12-09 03:00:00,1812.14,1831.04,18.899999999999864,1.0322002796225023,18.899999999999864,1.0429657752712187,2025-12-09
2025-12-09 04:00:00,1815.28,1816.85,1.5699999999999363,0.08641329774059149,1.5699999999999363,0.08648803490370281,2025-12-09
2025-12-09 05:00:00,1758.93,1829.52,70.58999999999992,3.8583890856618086,70.58999999999992,4.013235319199736,2025-12-09
2025-12-09 06:00:00,1818.94,1825.03,6.089999999999918,0.3336931447702185,6.089999999999918,0.3348103840698384,2025-12-09
2025-12-09 07:00:00,1810.58,1821.87,11.289999999999964,0.6196929528451517,11.289999999999964,0.6235570922024967,2025-12-09
2025-12-09 08:00:00,1811.84,1821.65,9.810000000000173,0.5385227678203921,9.810000000000173,0.5414385376192254,2025-12-09
2025-12-09 09:00:00,1824.36,1890.21,65.85000000000014,3.4837399019156674,65.85000000000014,3.609484970071704,2025-12-09
2025-12-09 10:00:00,1812.48,1887.6,75.11999999999989,3.979656706929428,75.11999999999989,4.144597457627112,2025-12-09
2025-12-09 11:00:00,1959.85,1959.25,0.599999999999909,0.030623963251239453,-0.599999999999909,-0.030614587851106417,2025-12-09
2025-12-09 12:00:00,2045.93,2007.76,38.17000000000007,1.9011236402757339,-38.17000000000007,-1.8656552276959657,2025-12-09
2025-12-09 13:00:00,1993.81,2068.5,74.69000000000005,3.6108291032148925,74.69000000000005,3.7460941614296277,2025-12-09
2025-12-09 14:00:00,2067.93,2097.81,29.88000000000011,1.4243425286370124,29.88000000000011,1.4449231840536243,2025-12-09
2025-12-09 15:00:00,2092.9,2076.11,16.789999999999964,0.8087240078801202,-16.789999999999964,-0.8022361316833084,2025-12-09
2025-12-09 16:00:00,2120.56,2036.04,84.51999999999998,4.151195457849551,-84.51999999999998,-3.985739615950503,2025-12-09
2025-12-09 17:00:00,2055.91,2053.91,2.0,0.09737525013267379,-2.0,-0.09728052298009154,2025-12-09
2025-12-09 18:00:00,2084.36,2012.63,71.73000000000002,3.5639933817939715,-71.73000000000002,-3.441344105624749,2025-12-09
2025-12-09 19:00:00,2024.01,2019.52,4.490000000000009,0.2223300586277932,-4.490000000000009,-0.22183684863217126,2025-12-09
2025-12-09 20:00:00,2035.12,2008.73,26.389999999999873,1.313765413968023,-26.389999999999873,-1.2967294311883266,2025-12-09
2025-12-09 21:00:00,2028.62,1900.45,128.16999999999985,6.744192165013541,-128.16999999999985,-6.318088158452537,2025-12-09
2025-12-09 22:00:00,1968.32,1934.76,33.559999999999945,1.7345820670263985,-33.559999999999945,-1.7050073158835932,2025-12-09
2025-12-09 23:00:00,2029.35,1914.59,114.75999999999999,5.993972599877781,-114.75999999999999,-5.655012688791978,2025-12-09
2025-12-10 00:00:00,2012.79,1954.98,57.809999999999945,2.9570634993708347,-57.809999999999945,-2.8721327113111625,2025-12-10
2025-12-10 01:00:00,2160.81,1972.2,188.6099999999999,9.563431700638874,-188.6099999999999,-8.72867119274716,2025-12-10
2025-12-10 02:00:00,2035.67,1951.02,84.65000000000009,4.338756137815096,-84.65000000000009,-4.158336076083063,2025-12-10
2025-12-10 03:00:00,2010.43,1887.96,122.47000000000003,6.486895908811628,-122.47000000000003,-6.091731619603768,2025-12-10
2025-12-10 04:00:00,2017.71,1901.53,116.18000000000006,6.109816831709206,-116.18000000000006,-5.758012796685354,2025-12-10
2025-12-10 05:00:00,2030.01,1896.19,133.81999999999994,7.057309657787454,-133.81999999999994,-6.592085753272148,2025-12-10
2025-12-10 06:00:00,1788.58,1883.1,94.51999999999998,5.019382932398703,94.51999999999998,5.284639210994196,2025-12-10
2025-12-10 07:00:00,1968.89,1802.18,166.71000000000004,9.250463327747507,-166.71000000000004,-8.467207411282502,2025-12-10
2025-12-10 08:00:00,1732.03,1843.93,111.90000000000009,6.068560086337339,111.90000000000009,6.460627125396217,2025-12-10
2025-12-10 09:00:00,2004.21,1918.05,86.16000000000008,4.492062250723396,-86.16000000000008,-4.298950708758068,2025-12-10
2025-12-10 10:00:00,1985.78,1961.16,24.61999999999989,1.2553794692936777,-24.61999999999989,-1.2398150852561658,2025-12-10
2025-12-10 11:00:00,1977.62,2046.31,68.69000000000005,3.356773900337684,68.69000000000005,3.4733669764666653,2025-12-10
2025-12-10 12:00:00,2069.54,2082.34,12.800000000000182,0.6146930856632529,12.800000000000182,0.6184949312407676,2025-12-10
2025-12-10 13:00:00,2023.19,2077.56,54.36999999999989,2.617012264387064,54.36999999999989,2.687340289345039,2025-12-10
2025-12-10 14:00:00,2100.84,1982.81,118.0300000000002,5.952663139685608,-118.0300000000002,-5.618228898916633,2025-12-10
2025-12-10 15:00:00,2036.57,1974.43,62.13999999999987,3.1472374305495694,-62.13999999999987,-3.051208649837711,2025-12-10
2025-12-10 16:00:00,2037.65,2030.01,7.6400000000001,0.3763528258481535,-7.6400000000001,-0.3749417220818148,2025-12-10
2025-12-10 17:00:00,2250.15,2018.7,231.45000000000005,11.465299450141183,-231.45000000000005,-10.28598093460436,2025-12-10
2025-12-10 18:00:00,2027.21,1958.8,68.41000000000008,3.492444353685934,-68.41000000000008,-3.3745887204581706,2025-12-10
2025-12-10 19:00:00,1912.06,1936.22,24.160000000000082,1.2477920897418724,24.160000000000082,1.2635586749369832,2025-12-10
2025-12-10 20:00:00,2013.42,1901.99,111.43000000000006,5.858600728710459,-111.43000000000006,-5.53436441477685,2025-12-10
2025-12-10 21:00:00,1907.58,2030.09,122.50999999999999,6.034707820835529,122.50999999999999,6.422273246731461,2025-12-10
2025-12-10 22:00:00,2110.9,1917.6,193.30000000000018,10.080308719232384,-193.30000000000018,-9.157231512624955,2025-12-10
2025-12-10 23:00:00,1798.43,1886.99,88.55999999999995,4.693188623151153,88.55999999999995,4.924295079597201,2025-12-10
2025-12-11 00:00:00,2045.94,1931.32,114.62000000000012,5.934801068699135,-114.62000000000012,-5.602314828391846,2025-12-11
2025-12-11 01:00:00,2045.1,1957.43,87.66999999999985,4.478831937795979,-87.66999999999985,-4.286831939758439,2025-12-11
2025-12-11 02:00:00,2014.53,1936.3,78.23000000000002,4.04017972421629,-78.23000000000002,-3.8832879133098053,2025-12-11
2025-12-11 03:00:00,2043.05,1931.77,111.27999999999997,5.760520144737726,-111.27999999999997,-5.446758522796798,2025-12-11
2025-12-11 04:00:00,2031.02,1915.38,115.63999999999987,6.03744426693397,-115.63999999999987,-5.693690854841404,2025-12-11
2025-12-11 05:00:00,2070.55,1915.79,154.76000000000022,8.078129648865492,-154.76000000000022,-7.474342565984893,2025-12-11
2025-12-11 06:00:00,2086.41,1912.62,173.78999999999996,9.086488690905666,-173.78999999999996,-8.329618818928205,2025-12-11
2025-12-11 07:00:00,1778.85,1889.08,110.23000000000002,5.835115505960575,110.23000000000002,6.1967001152429955,2025-12-11
2025-12-11 08:00:00,1985.09,1883.82,101.26999999999998,5.375779002240129,-101.26999999999998,-5.101531920467081,2025-12-11
2025-12-11 09:00:00,1848.59,1888.88,40.29000000000019,2.133010037694305,40.29000000000019,2.179498969484861,2025-12-11
2025-12-11 10:00:00,2010.58,2012.06,1.4800000000000182,0.07355645457889019,1.4800000000000182,0.07361059992639031,2025-12-11
2025-12-11 11:00:00,2113.07,2066.22,46.850000000000364,2.26742554035874,-46.850000000000364,-2.2171532414922535,2025-12-11
2025-12-11 12:00:00,2230.37,2067.53,162.8399999999997,7.876064676207826,-162.8399999999997,-7.301030770679291,2025-12-11
2025-12-11 13:00:00,2050.01,2054.95,4.9399999999996,0.24039514343412735,4.9399999999996,0.24097443427103277,2025-12-11
2025-12-11 14:00:00,2140.85,2063.15,77.69999999999982,3.7660858396141728,-77.69999999999982,-3.6293995375668455,2025-12-11
2025-12-11 15:00:00,2091.66,2073.35,18.309999999999945,0.8831118720910578,-18.309999999999945,-0.8753812761156184,2025-12-11
2025-12-11 16:00:00,2013.27,2077.29,64.01999999999998,3.081899975448781,64.01999999999998,3.1799013545128068,2025-12-11
2025-12-11 17:00:00,2065.27,2092.97,27.699999999999818,1.3234781196099237,27.699999999999818,1.3412289918509357,2025-12-11
2025-12-11 18:00:00,2048.27,2072.08,23.809999999999945,1.1490869078413934,23.809999999999945,1.1624444043021644,2025-12-11
2025-12-11 19:00:00,2032.92,2076.3,43.38000000000011,2.0892934547030824,43.38000000000011,2.1338763945457817,2025-12-11
2025-12-11 20:00:00,2088.38,2041.91,46.47000000000003,2.27581039321028,-46.47000000000003,-2.2251697488005067,2025-12-11
2025-12-11 21:00:00,2009.66,1994.85,14.810000000000173,0.7424117101536543,-14.810000000000173,-0.7369405770130356,2025-12-11
2025-12-11 22:00:00,1999.92,2009.02,9.099999999999909,0.45295716319399054,9.099999999999909,0.45501820072802457,2025-12-11
2025-12-11 23:00:00,2094.88,2014.07,80.81000000000017,4.012273654838222,-80.81000000000017,-3.8575001909417326,2025-12-11
2025-12-12 00:00:00,1965.94,1994.83,28.889999999999873,1.4482437099903187,28.889999999999873,1.4695260282612832,2025-12-12
2025-12-12 01:00:00,2094.2,2005.26,88.93999999999983,4.435335068769128,-88.93999999999983,-4.246967815872401,2025-12-12
2025-12-12 02:00:00,1987.04,2017.48,30.440000000000055,1.5088129746019814,30.440000000000055,1.531926886222726,2025-12-12
2025-12-12 03:00:00,1995.77,2102.92,107.15000000000009,5.095296064519815,107.15000000000009,5.368855128596987,2025-12-12
2025-12-12 04:00:00,2186.32,1894.16,292.1600000000001,15.42425138319889,-292.1600000000001,-13.363094149072415,2025-12-12
2025-12-12 05:00:00,2008.49,1981.3,27.190000000000055,1.37233129763287,-27.190000000000055,-1.353753317168622,2025-12-12
2025-12-12 06:00:00,2030.95,1998.73,32.22000000000003,1.6120236350082318,-32.22000000000003,-1.5864496910312922,2025-12-12
2025-12-12 07:00:00,2013.61,1959.19,54.419999999999845,2.7776785304130707,-54.419999999999845,-2.7026087474734357,2025-12-12
2025-12-12 08:00:00,2037.23,1916.39,120.83999999999992,6.305605852670902,-120.83999999999992,-5.931583571810739,2025-12-12
2025-12-12 09:00:00,1820.25,1870.31,50.059999999999945,2.6765616395143024,50.059999999999945,2.7501716797143216,2025-12-12
2025-12-12 10:00:00,1821.22,1893.26,72.03999999999996,3.805076957206087,72.03999999999996,3.955590208761158,2025-12-12
2025-12-12 11:00:00,1822.12,1955.63,133.51000000000022,6.826956019287913,133.51000000000022,7.327179329572159,2025-12-12
2025-12-12 12:00:00,2020.43,1948.94,71.49000000000001,3.668147813683336,-71.49000000000001,-3.5383556965596434,2025-12-12
2025-12-12 13:00:00,2019.2,1925.61,93.59000000000015,4.860278041763396,-93.59000000000015,-4.6350039619651415,2025-12-12
2025-12-12 14:00:00,1814.75,1890.44,75.69000000000005,4.003829796237915,75.69000000000005,4.170822427331592,2025-12-12
2025-12-12 15:00:00,1816.77,1898.11,81.33999999999992,4.285315392680083,81.33999999999992,4.477176527573656,2025-12-12
2025-12-12 16:00:00,1969.99,1903.94,66.04999999999995,3.4691219261111144,-66.04999999999995,-3.3528088975070918,2025-12-12
2025-12-12 17:00:00,1986.08,1893.65,92.42999999999984,4.881049824413161,-92.42999999999984,-4.653891081930226,2025-12-12
2025-12-12 18:00:00,1973.09,1919.19,53.899999999999864,2.808476492687012,-53.899999999999864,-2.7317557739383336,2025-12-12
2025-12-12 19:00:00,1974.99,1907.71,67.27999999999997,3.5267414858652506,-67.27999999999997,-3.406599527086212,2025-12-12
2025-12-12 20:00:00,1800.28,1972.55,172.26999999999998,8.73336544067324,172.26999999999998,9.56906703401693,2025-12-12
2025-12-12 21:00:00,1800.28,1785.76,14.519999999999982,0.8130991846608716,-14.519999999999982,-0.8065412047014898,2025-12-12
2025-12-12 22:00:00,1800.08,1916.22,116.1400000000001,6.060890711922435,116.1400000000001,6.4519354695346935,2025-12-12
2025-12-12 23:00:00,1803.42,1930.41,126.99000000000001,6.578395263182434,126.99000000000001,7.041620920251522,2025-12-12
2025-12-13 00:00:00,2025.9,1938.25,87.65000000000009,4.522120469495683,-87.65000000000009,-4.326472185201643,2025-12-13
2025-12-13 01:00:00,1837.31,1974.31,137.0,6.939133165510988,137.0,7.456553330684533,2025-12-13
2025-12-13 02:00:00,1978.09,1965.63,12.459999999999809,0.6338934590945299,-12.459999999999809,-0.6299005606418216,2025-12-13
2025-12-13 03:00:00,2086.46,1991.75,94.71000000000004,4.7551148487510995,-94.71000000000004,-4.539267467384951,2025-12-13
2025-12-13 04:00:00,1980.05,1949.65,30.399999999999864,1.5592542251173216,-30.399999999999864,-1.5353147647786602,2025-12-13
2025-12-13 05:00:00,1947.95,1918.39,29.559999999999945,1.5408754215774656,-29.559999999999945,-1.5174927487871837,2025-12-13
2025-12-13 06:00:00,1824.54,1909.69,85.15000000000009,4.458838869135833,85.15000000000009,4.66692974667588,2025-12-13
2025-12-13 07:00:00,2064.08,1860.59,203.49,10.936853363717962,-203.49,-9.858629510484091,2025-12-13
2025-12-13 08:00:00,1818.49,1745.42,73.06999999999994,4.186384938868578,-73.06999999999994,-4.0181689203679944,2025-12-13
2025-12-13 09:00:00,1764.27,1798.54,34.26999999999998,1.905434407908636,34.26999999999998,1.9424464509400479,2025-12-13
2025-12-13 10:00:00,1839.8,1851.99,12.190000000000055,0.658210897467052,12.190000000000055,0.6625720186976874,2025-12-13
2025-12-13 11:00:00,1835.78,1848.59,12.809999999999945,0.69296058076696,12.809999999999945,0.6977960322042916,2025-12-13
2025-12-13 12:00:00,1833.67,1834.42,0.75,0.040884857339104456,0.75,0.040901579891692616,2025-12-13
2025-12-13 13:00:00,1804.75,1852.4,47.65000000000009,2.5723385877780225,47.65000000000009,2.6402548829477817,2025-12-13
2025-12-13 14:00:00,1966.28,1939.09,27.190000000000055,1.4022041266779808,-27.190000000000055,-1.3828142482250776,2025-12-13
2025-12-13 15:00:00,1958.76,1943.9,14.8599999999999,0.7644426153608673,-14.8599999999999,-0.7586432232636924,2025-12-13
2025-12-13 16:00:00,1957.28,1929.61,27.670000000000073,1.4339685221366014,-27.670000000000073,-1.413696558489336,2025-12-13
2025-12-13 17:00:00,1830.53,1949.53,119.0,6.104035331592743,119.0,6.5008494807514765,2025-12-13
2025-12-13 18:00:00,1818.67,1869.89,51.22000000000003,2.7391985624822865,51.22000000000003,2.8163438116865636,2025-12-13
2025-12-13 19:00:00,1817.32,1889.6,72.27999999999997,3.8251481795088895,72.27999999999997,3.977285233200536,2025-12-13
2025-12-13 20:00:00,1815.81,1860.92,45.11000000000013,2.424069814930256,45.11000000000013,2.4842907572928956,2025-12-13
2025-12-13 21:00:00,1801.29,1824.39,23.100000000000136,1.2661766398631944,23.100000000000136,1.2824142697733367,2025-12-13
2025-12-13 22:00:00,1800.16,1811.66,11.5,0.6347769449013612,11.5,0.6388321038129944,2025-12-13
2025-12-13 23:00:00,1811.59,1807.76,3.8299999999999272,0.21186440677965698,-3.8299999999999272,-0.2114164904862539,2025-12-13
2025-12-14 00:00:00,1766.46,1810.83,44.36999999999989,2.4502576166730115,44.36999999999989,2.511803267552047,2025-12-14
2025-12-14 01:00:00,1827.21,1824.5,2.7100000000000364,0.14853384488901267,-2.7100000000000364,-0.14831354907208458,2025-12-14
2025-12-14 02:00:00,1814.41,1809.71,4.7000000000000455,0.259710119300885,-4.7000000000000455,-0.25903737303035396,2025-12-14
2025-12-14 03:00:00,1794.66,1804.39,9.730000000000018,0.5392404081157631,9.730000000000018,0.5421639753490922,2025-12-14
2025-12-14 04:00:00,1749.32,1778.75,29.430000000000064,1.6545326774420273,29.430000000000064,1.6823680058537067,2025-12-14
2025-12-14 05:00:00,1741.47,1762.04,20.569999999999936,1.1673968808880582,20.569999999999936,1.1811860095206885,2025-12-14
2025-12-14 06:00:00,1795.28,1828.19,32.91000000000008,1.8001411231874191,32.91000000000008,1.8331402343924115,2025-12-14
2025-12-14 07:00:00,1743.9,1717.76,26.1400000000001,1.521749254843523,-26.1400000000001,-1.4989391593554733,2025-12-14
2025-12-14 08:00:00,1742.47,1704.6,37.87000000000012,2.221635574328295,-37.87000000000012,-2.173351621548728,2025-12-14
2025-12-14 09:00:00,1701.11,1735.34,34.23000000000002,1.972524116311502,34.23000000000002,2.0122155533739745,2025-12-14
2025-12-14 10:00:00,1809.95,1816.67,6.720000000000027,0.3699075781512342,6.720000000000027,0.3712809746125598,2025-12-14
2025-12-14 11:00:00,1790.76,1935.63,144.87000000000012,7.484384928937871,144.87000000000012,8.08986128794479,2025-12-14
2025-12-14 12:00:00,2023.7,1935.79,87.91000000000008,4.541298384638834,-87.91000000000008,-4.344023323615164,2025-12-14
2025-12-14 13:00:00,1966.72,1881.44,85.27999999999997,4.5326983587039695,-85.27999999999997,-4.336153595834688,2025-12-14
2025-12-14 14:00:00,1816.96,1930.43,113.47000000000003,5.877965012976385,113.47000000000003,6.245046671363157,2025-12-14
2025-12-14 15:00:00,1837.67,1954.7,117.02999999999997,5.987107996111933,117.02999999999997,6.368390407418087,2025-12-14
2025-12-14 16:00:00,1967.59,1967.53,0.05999999999994543,0.0030495087749587264,-0.05999999999994543,-0.0030494157827568465,2025-12-14
2025-12-14 17:00:00,2028.94,1967.3,61.6400000000001,3.1332282824175315,-61.6400000000001,-3.038039567458875,2025-12-14
2025-12-14 18:00:00,1971.94,1964.44,7.5,0.38178819409093684,-7.5,-0.38033611570331755,2025-12-14
2025-12-14 19:00:00,2018.75,1922.14,96.6099999999999,5.026168749414709,-96.6099999999999,-4.785634674922596,2025-12-14
2025-12-14 20:00:00,1971.29,1916.16,55.12999999999988,2.8771083834335274,-55.12999999999988,-2.7966458511938823,2025-12-14
2025-12-14 21:00:00,1804.57,1880.96,76.3900000000001,4.061224055801298,76.3900000000001,4.233141413189852,2025-12-14
2025-12-14 22:00:00,1811.17,1870.51,59.33999999999992,3.172396832949298,59.33999999999992,3.2763351866473007,2025-12-14
2025-12-14 23:00:00,1813.49,1889.75,76.25999999999999,4.035454425188516,76.25999999999999,4.205151393170075,2025-12-14
2025-12-15 00:00:00,1964.42,1880.07,84.35000000000014,4.486535075821652,-84.35000000000014,-4.293888272365387,2025-12-15
2025-12-15 01:00:00,1826.69,1871.6,44.909999999999854,2.3995511861508794,44.909999999999854,2.458545237560826,2025-12-15
2025-12-15 02:00:00,1825.12,1858.13,33.01000000000022,1.7765172512149425,33.01000000000022,1.8086481984746328,2025-12-15
2025-12-15 03:00:00,1823.68,1826.54,2.8599999999999,0.1565802008168395,2.8599999999999,0.15682575890506556,2025-12-15
2025-12-15 04:00:00,1792.12,1841.83,49.710000000000036,2.6989461568114343,49.710000000000036,2.773809789523025,2025-12-15
2025-12-15 05:00:00,1823.48,1829.83,6.349999999999909,0.34702677297890566,6.349999999999909,0.34823524250334026,2025-12-15
2025-12-15 06:00:00,1814.93,1847.57,32.63999999999987,1.7666448361902323,32.63999999999987,1.7984164678527474,2025-12-15
2025-12-15 07:00:00,1824.37,1841.41,17.04000000000019,0.9253778354630522,17.04000000000019,0.9340210593245992,2025-12-15
2025-12-15 08:00:00,1793.12,1798.41,5.290000000000191,0.2941487202584611,5.290000000000191,0.2950165075399411,2025-12-15
2025-12-15 09:00:00,1669.38,1850.97,181.58999999999992,9.810531775231361,181.58999999999992,10.877691118858493,2025-12-15
2025-12-15 10:00:00,1811.67,1931.15,119.48000000000002,6.186987028454548,119.48000000000002,6.595020064360507,2025-12-15
2025-12-15 11:00:00,1969.71,2012.85,43.13999999999987,2.1432297488635452,43.13999999999987,2.1901701265668487,2025-12-15
2025-12-15 12:00:00,1995.28,1979.95,15.329999999999927,0.7742619763125295,-15.329999999999927,-0.768313219197302,2025-12-15
2025-12-15 13:00:00,1980.7,2030.88,50.180000000000064,2.4708500748444053,50.180000000000064,2.5334477709900574,2025-12-15
2025-12-15 14:00:00,2038.96,1996.4,42.559999999999945,2.131837307152872,-42.559999999999945,-2.087338643229879,2025-12-15
2025-12-15 15:00:00,2012.84,1960.0,52.83999999999992,2.695918367346935,-52.83999999999992,-2.625146559090634,2025-12-15
2025-12-15 16:00:00,1913.09,2010.17,97.08000000000015,4.82944228597582,97.08000000000015,5.074512960707555,2025-12-15
2025-12-15 17:00:00,2032.74,2053.09,20.350000000000136,0.9911888908912974,20.350000000000136,1.0011117998366803,2025-12-15
2025-12-15 18:00:00,2079.93,2030.3,49.62999999999988,2.4444663350243747,-49.62999999999988,-2.3861379950286734,2025-12-15
2025-12-15 19:00:00,1982.92,2029.81,46.88999999999987,2.310068430050097,46.88999999999987,2.36469449095273,2025-12-15
2025-12-15 20:00:00,2064.11,1995.93,68.18000000000006,3.4159514612235933,-68.18000000000006,-3.3031185353493786,2025-12-15
2025-12-15 21:00:00,1804.64,1967.38,162.74,8.271914932549889,162.74,9.017865058959128,2025-12-15
2025-12-15 22:00:00,2036.31,1982.36,53.950000000000045,2.7215036623015014,-53.950000000000045,-2.64940014045013,2025-12-15
2025-12-15 23:00:00,2019.69,1960.58,59.11000000000013,3.0149241550969674,-59.11000000000013,-2.9266867687615488,2025-12-15
2025-12-16 00:00:00,2046.56,1968.76,77.79999999999995,3.951725959487187,-77.79999999999995,-3.8015010554295965,2025-12-16
2025-12-16 01:00:00,2026.29,1940.68,85.6099999999999,4.411340354927134,-85.6099999999999,-4.224962863163708,2025-12-16
2025-12-16 02:00:00,2013.25,1923.29,89.96000000000004,4.677401743886779,-89.96000000000004,-4.468396870731406,2025-12-16
2025-12-16 03:00:00,2032.66,1908.77,123.8900000000001,6.490567223919073,-123.8900000000001,-6.094969153719761,2025-12-16
2025-12-16 04:00:00,1961.04,1867.2,93.83999999999992,5.025706940874032,-93.83999999999992,-4.785216007832575,2025-12-16
2025-12-16 05:00:00,1759.29,1880.77,121.48000000000002,6.45905666296251,121.48000000000002,6.905058290560398,2025-12-16
2025-12-16 06:00:00,1759.35,1880.5,121.15000000000009,6.4424355224674335,121.15000000000009,6.88606587660216,2025-12-16
2025-12-16 07:00:00,1765.33,1883.83,118.5,6.290376520174326,118.5,6.712625967949336,2025-12-16
2025-12-16 08:00:00,1766.51,1857.64,91.13000000000011,4.90568678538361,91.13000000000011,5.158759361679249,2025-12-16
2025-12-16 09:00:00,1766.2,1883.46,117.25999999999999,6.225775965510284,117.25999999999999,6.63911221832182,2025-12-16
2025-12-16 10:00:00,1858.13,1996.67,138.53999999999996,6.93855269022923,138.53999999999996,7.455883065232246,2025-12-16
2025-12-16 11:00:00,2098.32,2098.25,0.07000000000016371,0.003336113427864349,-0.07000000000016371,-0.003336002135049168,2025-12-16
2025-12-16 12:00:00,2108.51,2143.06,34.54999999999973,1.6121807135591038,34.54999999999973,1.6385978724312296,2025-12-16
2025-12-16 13:00:00,2226.31,2143.58,82.73000000000002,3.859431418468171,-82.73000000000002,-3.7160143915267874,2025-12-16
2025-12-16 14:00:00,2259.92,2169.29,90.63000000000011,4.177864646958226,-90.63000000000011,-4.010318949343344,2025-12-16
2025-12-16 15:00:00,2228.64,2154.46,74.17999999999984,3.4430901478792757,-74.17999999999984,-3.3284873285950103,2025-12-16
2025-12-16 16:00:00,2252.54,2163.45,89.09000000000015,4.1179597402297325,-89.09000000000015,-3.9550906976124796,2025-12-16
2025-12-16 17:00:00,2247.49,2134.59,112.89999999999964,5.2890719060803075,-112.89999999999964,-5.023381639072905,2025-12-16
2025-12-16 18:00:00,2235.45,2141.51,93.9399999999996,4.3866243912005825,-93.9399999999996,-4.202285893220587,2025-12-16
2025-12-16 19:00:00,2222.0,2149.07,72.92999999999984,3.3935609356605334,-72.92999999999984,-3.282178217821775,2025-12-16
2025-12-16 20:00:00,2123.04,2120.28,2.7599999999997635,0.1301714867847531,-2.7599999999997635,-0.13000226090887423,2025-12-16
2025-12-16 21:00:00,2027.87,2087.7,59.82999999999993,2.8658332135843243,59.82999999999993,2.9503863659899268,2025-12-16
2025-12-16 22:00:00,2223.72,2074.31,149.40999999999985,7.202877101301149,-149.40999999999985,-6.718921446944753,2025-12-16
2025-12-16 23:00:00,2101.83,2049.99,51.840000000000146,2.528792823379634,-51.840000000000146,-2.4664221178687216,2025-12-16
2025-12-17 00:00:00,2072.65,2048.56,24.090000000000146,1.1759479829734127,-24.090000000000146,-1.1622801727257446,2025-12-17
2025-12-17 01:00:00,2042.71,2030.48,12.230000000000018,0.6023206335447785,-12.230000000000018,-0.5987144528591929,2025-12-17
2025-12-17 02:00:00,2199.92,2000.66,199.26,9.959713294612776,-199.26,-9.057602094621622,2025-12-17
2025-12-17 03:00:00,2035.84,1959.91,75.92999999999984,3.874157486823366,-75.92999999999984,-3.7296644137063737,2025-12-17
2025-12-17 04:00:00,2037.27,1927.74,109.52999999999997,5.6817828130349515,-109.52999999999997,-5.3763124180889115,2025-12-17
2025-12-17 05:00:00,2064.93,1934.66,130.26999999999975,6.733482885881744,-130.26999999999975,-6.308688430116264,2025-12-17
2025-12-17 06:00:00,1780.76,1871.63,90.87000000000012,4.855126280301135,90.87000000000012,5.1028774231227185,2025-12-17
2025-12-17 07:00:00,1782.67,1885.01,102.33999999999992,5.429148916981869,102.33999999999992,5.74082696180448,2025-12-17
2025-12-17 08:00:00,2036.21,1960.2,76.00999999999999,3.8776655443322103,-76.00999999999999,-3.732915563718869,2025-12-17
2025-12-17 09:00:00,2023.32,1969.03,54.289999999999964,2.7571951671635255,-54.289999999999964,-2.6832137279323076,2025-12-17
2025-12-17 10:00:00,1995.93,2011.32,15.389999999999873,0.7651691426525801,15.389999999999873,0.7710691256707336,2025-12-17
2025-12-17 11:00:00,2003.98,2008.74,4.759999999999991,0.23696446528669668,4.759999999999991,0.23752732063194196,2025-12-17
2025-12-17 12:00:00,2030.75,2093.98,63.23000000000002,3.0196085922501656,63.23000000000002,3.1136279699618377,2025-12-17
2025-12-17 13:00:00,2067.91,2102.45,34.539999999999964,1.6428452519679406,34.539999999999964,1.6702854572974628,2025-12-17
2025-12-17 14:00:00,2201.0,2042.42,158.57999999999993,7.7643187982883015,-158.57999999999993,-7.2049068605179425,2025-12-17
2025-12-17 15:00:00,1974.91,1935.3,39.61000000000013,2.0467111042215747,-39.61000000000013,-2.005661017464093,2025-12-17
2025-12-17 16:00:00,1884.74,1923.55,38.809999999999945,2.017623664578511,38.809999999999945,2.05916996508802,2025-12-17
2025-12-17 17:00:00,1980.7,1942.09,38.61000000000013,1.9880644048422127,-38.61000000000013,-1.9493108496996074,2025-12-17
2025-12-17 18:00:00,1975.33,1920.77,54.559999999999945,2.840527496785141,-54.559999999999945,-2.7620701351166614,2025-12-17
2025-12-17 19:00:00,1784.04,1973.05,189.01,9.57958490661666,189.01,10.594493397009035,2025-12-17
2025-12-17 20:00:00,2105.01,1977.04,127.97000000000025,6.472807833933571,-127.97000000000025,-6.079306036550907,2025-12-17
2025-12-17 21:00:00,2002.83,1882.29,120.53999999999996,6.4039016304607665,-120.53999999999996,-6.018483845358816,2025-12-17
2025-12-17 22:00:00,1735.14,1814.94,79.79999999999995,4.396839564944293,79.79999999999995,4.5990525260209525,2025-12-17
2025-12-17 23:00:00,1793.67,1805.06,11.389999999999873,0.631003955547177,11.389999999999873,0.6350108994408042,2025-12-17
2025-12-18 00:00:00,1797.91,1892.02,94.1099999999999,4.97404890011733,94.1099999999999,5.234411066182395,2025-12-18
2025-12-18 01:00:00,2008.76,1884.1,124.66000000000008,6.616421633671253,-124.66000000000008,-6.205818514904721,2025-12-18
2025-12-18 02:00:00,1802.36,1872.51,70.15000000000009,3.7463084309296124,70.15000000000009,3.8921192214651956,2025-12-18
2025-12-18 03:00:00,1971.57,1855.67,115.89999999999986,6.2457225692068015,-115.89999999999986,-5.878563784192287,2025-12-18
2025-12-18 04:00:00,1816.7,1877.65,60.950000000000045,3.246078875189734,60.950000000000045,3.3549843122144574,2025-12-18
2025-12-18 05:00:00,1821.08,1927.16,106.08000000000015,5.504472903132078,106.08000000000015,5.825114767061313,2025-12-18
2025-12-18 06:00:00,1816.71,1909.01,92.29999999999995,4.834966815260263,92.29999999999995,5.080612756026,2025-12-18
2025-12-18 07:00:00,1818.06,1903.37,85.30999999999995,4.482050258226196,85.30999999999995,4.6923643884140205,2025-12-18
2025-12-18 08:00:00,1821.31,1893.44,72.13000000000011,3.809468480648983,72.13000000000011,3.9603362414965115,2025-12-18
2025-12-18 09:00:00,1825.19,1922.69,97.5,5.071020289282203,97.5,5.341909609410527,2025-12-18
2025-12-18 10:00:00,1815.91,1973.81,157.89999999999986,7.9997568154989525,157.89999999999986,8.695364858390551,2025-12-18
2025-12-18 11:00:00,1970.43,2063.2,92.76999999999975,4.4964133385032845,92.76999999999975,4.708109397441155,2025-12-18
2025-12-18 12:00:00,2006.87,2053.69,46.820000000000164,2.2797988011822703,46.820000000000164,2.3329861924290145,2025-12-18
2025-12-18 13:00:00,2171.44,2136.58,34.86000000000013,1.6315794400396957,-34.86000000000013,-1.6053862874405984,2025-12-18
2025-12-18 14:00:00,2037.27,2168.03,130.76000000000022,6.031281854955891,130.76000000000022,6.418393241936523,2025-12-18
2025-12-18 15:00:00,2067.02,2167.24,100.2199999999998,4.624314796699942,100.2199999999998,4.8485258971853105,2025-12-18
2025-12-18 16:00:00,2089.73,2151.33,61.59999999999991,2.863345000534549,61.59999999999991,2.9477492307618642,2025-12-18
2025-12-18 17:00:00,2116.05,2055.96,60.090000000000146,2.922722231950045,-60.090000000000146,-2.8397249592401,2025-12-18
2025-12-18 18:00:00,2011.36,2082.15,70.79000000000019,3.3998511154335755,70.79000000000019,3.519509187813231,2025-12-18
2025-12-18 19:00:00,1981.06,2040.92,59.86000000000013,2.932991004057,59.86000000000013,3.02161469112496,2025-12-18
2025-12-18 20:00:00,2019.74,2007.94,11.799999999999955,0.5876669621602216,-11.799999999999955,-0.5842336142275716,2025-12-18
2025-12-18 21:00:00,1995.86,1989.38,6.479999999999791,0.3257296243050493,-6.479999999999791,-0.32467207118734737,2025-12-18
2025-12-18 22:00:00,1979.93,2003.21,23.279999999999973,1.162134773688229,23.279999999999973,1.175799144414195,2025-12-18
2025-12-18 23:00:00,2019.55,1993.1,26.450000000000045,1.327078420550903,-26.450000000000045,-1.3096977049342697,2025-12-18
2025-12-19 00:00:00,2039.58,1936.0,103.57999999999993,5.350206611570244,-103.57999999999993,-5.078496553211933,2025-12-19
2025-12-19 01:00:00,1765.88,1966.01,200.12999999999988,10.17950061291651,200.12999999999988,11.333159671098821,2025-12-19
2025-12-19 02:00:00,2034.12,1940.93,93.18999999999983,4.801306590139769,-93.18999999999983,-4.581342300355919,2025-12-19
2025-12-19 03:00:00,1754.5,1928.93,174.43000000000006,9.042837220635278,174.43000000000006,9.941863778854378,2025-12-19
2025-12-19 04:00:00,1961.36,1958.29,3.0699999999999363,0.15676942638730404,-3.0699999999999363,-0.15652404454051969,2025-12-19
2025-12-19 05:00:00,2001.45,1936.04,65.41000000000008,3.378545897812033,-65.41000000000008,-3.2681306053111534,2025-12-19
2025-12-19 06:00:00,2016.53,1939.45,77.07999999999993,3.974322617236842,-77.07999999999993,-3.822407799536825,2025-12-19
2025-12-19 07:00:00,1988.57,1949.02,39.549999999999955,2.0292249438179164,-39.549999999999955,-1.9888663713120462,2025-12-19
2025-12-19 08:00:00,1764.06,1919.81,155.75,8.112781994051495,155.75,8.829064771039533,2025-12-19
2025-12-19 09:00:00,1790.96,1948.21,157.25,8.071511798009455,157.25,8.780207263143788,2025-12-19
2025-12-19 10:00:00,1884.39,2009.17,124.77999999999997,6.210524744048536,124.77999999999997,6.621771501653054,2025-12-19
2025-12-19 11:00:00,2038.36,2110.79,72.43000000000006,3.4314166733782168,72.43000000000006,3.5533468082183752,2025-12-19
2025-12-19 12:00:00,2086.63,2138.1,51.4699999999998,2.4072774893597026,51.4699999999998,2.4666567623392646,2025-12-19
2025-12-19 13:00:00,2128.99,2161.85,32.86000000000013,1.519994449198609,32.86000000000013,1.5434548776650021,2025-12-19
2025-12-19 14:00:00,2133.14,2201.48,68.34000000000015,3.1042753057034425,68.34000000000015,3.2037278378353107,2025-12-19
2025-12-19 15:00:00,2252.79,2139.19,113.59999999999991,5.310421234205466,-113.59999999999991,-5.042636020223807,2025-12-19
2025-12-19 16:00:00,2043.86,2013.01,30.84999999999991,1.5325308865827745,-30.84999999999991,-1.5093988825066251,2025-12-19
2025-12-19 17:00:00,2030.58,1922.11,108.47000000000003,5.6432774398967815,-108.47000000000003,-5.34182351840361,2025-12-19
2025-12-19 18:00:00,1918.14,1876.78,41.36000000000013,2.2037745500271813,-41.36000000000013,-2.1562555392202927,2025-12-19
2025-12-19 19:00:00,1927.51,1879.44,48.069999999999936,2.5576767547780155,-48.069999999999936,-2.4938910822771314,2025-12-19
2025-12-19 20:00:00,1937.7,1907.3,30.40000000000009,1.5938761600167823,-30.40000000000009,-1.5688703101615364,2025-12-19
2025-12-19 21:00:00,1897.65,1944.51,46.8599999999999,2.4098616103799877,46.8599999999999,2.469370010275862,2025-12-19
2025-12-19 22:00:00,2020.27,2001.39,18.87999999999988,0.943344375658911,-18.87999999999988,-0.9345285531141818,2025-12-19
2025-12-19 23:00:00,2046.43,2029.53,16.90000000000009,0.8327051090646649,-16.90000000000009,-0.8258283938370768,2025-12-19
2025-12-20 00:00:00,2170.64,2022.26,148.37999999999988,7.337335456370589,-148.37999999999988,-6.835771938230193,2025-12-20
2025-12-20 01:00:00,2021.15,2033.93,12.779999999999973,0.628340208365085,12.779999999999973,0.6323132869900785,2025-12-20
2025-12-20 02:00:00,2011.36,2034.6,23.24000000000001,1.1422392607883618,23.24000000000001,1.1554371171744495,2025-12-20
2025-12-20 03:00:00,2076.74,2046.18,30.559999999999718,1.493514744548364,-30.559999999999718,-1.4715371206795131,2025-12-20
2025-12-20 04:00:00,2070.16,2094.18,24.019999999999982,1.1469883200106956,24.019999999999982,1.1602967886540163,2025-12-20
2025-12-20 05:00:00,2187.85,2104.74,83.11000000000013,3.9487062535040023,-83.11000000000013,-3.798706492675464,2025-12-20
2025-12-20 06:00:00,2049.48,2063.29,13.809999999999945,0.6693193879677576,13.809999999999945,0.6738294591798868,2025-12-20
2025-12-20 07:00:00,2053.97,2135.49,81.51999999999998,3.8173908564310763,81.51999999999998,3.96889925364051,2025-12-20
2025-12-20 08:00:00,2087.87,2090.61,2.7400000000002365,0.13106222585753613,2.7400000000002365,0.13123422435306012,2025-12-20
2025-12-20 09:00:00,2009.4,2043.41,34.00999999999999,1.6643747461351364,34.00999999999999,1.6925450383198961,2025-12-20
2025-12-20 10:00:00,2051.92,2058.98,7.059999999999945,0.34288822620909115,7.059999999999945,0.3440679948535979,2025-12-20
2025-12-20 11:00:00,2075.43,2104.38,28.950000000000273,1.3757021070339137,28.950000000000273,1.3948916610052025,2025-12-20
2025-12-20 12:00:00,2075.31,2103.13,27.820000000000164,1.3227903172890008,27.820000000000164,1.3405226207169127,2025-12-20
2025-12-20 13:00:00,2030.05,2086.22,56.169999999999845,2.6924293698651076,56.169999999999845,2.7669269229821847,2025-12-20
2025-12-20 14:00:00,2002.06,2061.39,59.32999999999993,2.8781550313138187,59.32999999999993,2.963447648921607,2025-12-20
2025-12-20 15:00:00,2044.36,2053.54,9.180000000000064,0.4470329285039524,9.180000000000064,0.44904028644661725,2025-12-20
2025-12-20 16:00:00,1965.36,2005.39,40.0300000000002,1.9961204553727803,40.0300000000002,2.0367769772459092,2025-12-20
2025-12-20 17:00:00,2021.88,2088.45,66.56999999999971,3.187531422825527,66.56999999999971,3.292480265891136,2025-12-20
2025-12-20 18:00:00,2057.84,2097.66,39.81999999999971,1.8983057311480274,39.81999999999971,1.9350386813357552,2025-12-20
2025-12-20 19:00:00,2013.96,2090.88,76.92000000000007,3.6788337924701597,76.92000000000007,3.819340999821251,2025-12-20
2025-12-20 20:00:00,2032.97,2052.84,19.87000000000012,0.9679273591707156,19.87000000000012,0.9773877627313792,2025-12-20
2025-12-20 21:00:00,2097.43,2024.35,73.07999999999993,3.6100476696223445,-73.07999999999993,-3.484264075559133,2025-12-20
2025-12-20 22:00:00,2061.08,2057.42,3.6599999999998545,0.17789270056672213,-3.6599999999998545,-0.1775768043938059,2025-12-20
2025-12-20 23:00:00,2032.0,2052.13,20.13000000000011,0.9809320072315159,20.13000000000011,0.9906496062992179,2025-12-20
2025-12-21 00:00:00,2012.63,2009.89,2.740000000000009,0.13632586857987297,-2.740000000000009,-0.1361402741686256,2025-12-21
2025-12-21 01:00:00,2023.5,2025.19,1.6900000000000546,0.0834489603444642,1.6900000000000546,0.08351865579441832,2025-12-21
2025-12-21 02:00:00,1772.83,1978.36,205.52999999999997,10.38890798439111,205.52999999999997,11.593328181495123,2025-12-21
2025-12-21 03:00:00,1999.12,1992.94,6.179999999999836,0.3100946340582173,-6.179999999999836,-0.3091360198487253,2025-12-21
2025-12-21 04:00:00,2035.18,2032.07,3.1100000000001273,0.1530459088515714,-3.1100000000001273,-0.15281203628180934,2025-12-21
2025-12-21 05:00:00,2093.58,2011.82,81.75999999999999,4.0639818671650545,-81.75999999999999,-3.9052723086770027,2025-12-21
2025-12-21 06:00:00,1779.27,2039.38,260.1100000000001,12.754366523159005,260.1100000000001,14.6189167467557,2025-12-21
2025-12-21 07:00:00,2016.25,2032.83,16.579999999999927,0.8156117333962962,16.579999999999927,0.8223186608803436,2025-12-21
2025-12-21 08:00:00,2075.8,2017.41,58.3900000000001,2.8943050743279795,-58.3900000000001,-2.812891415357939,2025-12-21
2025-12-21 09:00:00,2016.34,2035.96,19.62000000000012,0.9636731566435549,19.62000000000012,0.9730501800291675,2025-12-21
2025-12-21 10:00:00,2035.23,2041.03,5.7999999999999545,0.2841702473750976,5.7999999999999545,0.28498007596192837,2025-12-21
2025-12-21 11:00:00,1993.9,2084.0,90.09999999999991,4.323416506717846,90.09999999999991,4.51878228597221,2025-12-21
2025-12-21 12:00:00,2024.27,2090.5,66.23000000000002,3.1681415929203554,66.23000000000002,3.271796746481449,2025-12-21
2025-12-21 13:00:00,1963.55,2054.13,90.58000000000015,4.409652748365495,90.58000000000015,4.613073260166543,2025-12-21
2025-12-21 14:00:00,2008.68,2047.27,38.58999999999992,1.884949225065571,38.58999999999992,1.9211621562419061,2025-12-21
2025-12-21 15:00:00,2025.22,2078.34,53.12000000000012,2.555885947438827,53.12000000000012,2.6229249167991684,2025-12-21
2025-12-21 16:00:00,1993.99,2063.03,69.04000000000019,3.3465339815708055,69.04000000000019,3.462404525599436,2025-12-21
2025-12-21 17:00:00,1998.42,2068.87,70.44999999999982,3.4052405419383445,70.44999999999982,3.5252849751303437,2025-12-21
2025-12-21 18:00:00,2025.5,1967.1,58.40000000000009,2.9688373748157235,-58.40000000000009,-2.8832387064922287,2025-12-21
2025-12-21 19:00:00,1989.04,1956.56,32.48000000000002,1.6600564255632344,-32.48000000000002,-1.63294855809838,2025-12-21
2025-12-21 20:00:00,2003.07,2038.94,35.87000000000012,1.7592474521074732,35.87000000000012,1.790751196912745,2025-12-21
2025-12-21 21:00:00,2009.99,2003.24,6.75,0.33695413430243004,-6.75,-0.3358225662814243,2025-12-21
2025-12-21 22:00:00,2059.51,2017.55,41.960000000000264,2.079750192064646,-41.960000000000264,-2.037377822880212,2025-12-21
2025-12-21 23:00:00,2028.32,1984.97,43.34999999999991,2.183912099427191,-43.34999999999991,-2.1372367279324718,2025-12-21
2025-12-22 00:00:00,1969.89,2000.29,30.399999999999864,1.51977963195336,30.399999999999864,1.543233378513514,2025-12-22
2025-12-22 01:00:00,1967.37,1935.0,32.36999999999989,1.672868217054258,-32.36999999999989,-1.6453437838332339,2025-12-22
2025-12-22 02:00:00,1802.42,1873.68,71.25999999999999,3.80321079373212,71.25999999999999,3.953573528922226,2025-12-22
2025-12-22 03:00:00,1808.22,1905.5,97.27999999999997,5.1052217265809485,97.27999999999997,5.379876342480449,2025-12-22
2025-12-22 04:00:00,1808.76,1891.82,83.05999999999995,4.390481123996995,83.05999999999995,4.592096242729823,2025-12-22
2025-12-22 05:00:00,1811.99,1911.43,99.44000000000005,5.2023877411152935,99.44000000000005,5.48788900600997,2025-12-22
2025-12-22 06:00:00,1806.34,1925.94,119.60000000000014,6.209954619562402,119.60000000000014,6.6211233765514885,2025-12-22
2025-12-22 07:00:00,1809.7,1957.76,148.05999999999995,7.562724746649228,148.05999999999995,8.1814665414157,2025-12-22
2025-12-22 08:00:00,1973.34,1950.72,22.61999999999989,1.1595718503936951,-22.61999999999989,-1.1462799112165105,2025-12-22
2025-12-22 09:00:00,1822.89,1948.74,125.84999999999991,6.45801902767942,125.84999999999991,6.903872422362288,2025-12-22
2025-12-22 10:00:00,1821.86,1989.29,167.43000000000006,8.41657073629285,167.43000000000006,9.190058511630975,2025-12-22
2025-12-22 11:00:00,1820.51,1962.68,142.17000000000007,7.24366682291561,142.17000000000007,7.8093501271621735,2025-12-22
2025-12-22 12:00:00,2002.15,2008.43,6.279999999999973,0.31268204517956677,6.279999999999973,0.3136628124765863,2025-12-22
2025-12-22 13:00:00,2021.32,2002.87,18.450000000000045,0.9211781094129947,-18.450000000000045,-0.9127698731521999,2025-12-22
2025-12-22 14:00:00,2117.44,2026.35,91.09000000000015,4.495274755101544,-91.09000000000015,-4.30189285174551,2025-12-22
2025-12-22 15:00:00,2102.33,1990.15,112.17999999999984,5.63676104816219,-112.17999999999984,-5.335984360209855,2025-12-22
2025-12-22 16:00:00,1783.7,1956.88,173.18000000000006,8.849801725195212,173.18000000000006,9.709031787856706,2025-12-22
2025-12-22 17:00:00,1789.03,1923.54,134.51,6.992836125061085,134.51,7.518599464514289,2025-12-22
2025-12-22 18:00:00,1783.07,1929.96,146.8900000000001,7.611038570747586,146.8900000000001,8.238038887985335,2025-12-22
2025-12-22 19:00:00,1783.07,1931.9,148.83000000000015,7.703814897251418,148.83000000000015,8.346840000673005,2025-12-22
2025-12-22 20:00:00,1972.5,1968.84,3.660000000000082,0.18589626378984997,-3.660000000000082,-0.18555133079848324,2025-12-22
2025-12-22 21:00:00,2063.47,1966.34,97.12999999999988,4.939634040908484,-97.12999999999988,-4.707119560739914,2025-12-22
2025-12-22 22:00:00,2025.85,1989.36,36.49000000000001,1.8342582539108059,-36.49000000000001,-1.801219241306119,2025-12-22
2025-12-22 23:00:00,2069.95,1984.69,85.25999999999976,4.295884999672481,-85.25999999999976,-4.118940071016198,2025-12-22
2025-12-23 00:00:00,2022.72,2004.99,17.730000000000018,0.8842936872503114,-17.730000000000018,-0.8765424774560996,2025-12-23
2025-12-23 01:00:00,2017.79,2032.0,14.210000000000036,0.699311023622049,14.210000000000036,0.7042358223601086,2025-12-23
2025-12-23 02:00:00,2050.66,2041.78,8.879999999999882,0.4349146333101452,-8.879999999999882,-0.43303131674679773,2025-12-23
2025-12-23 03:00:00,2057.05,2084.38,27.329999999999927,1.3111812625336994,27.329999999999927,1.3286016382683905,2025-12-23
2025-12-23 04:00:00,2099.72,2044.9,54.81999999999971,2.6808156878086806,-54.81999999999971,-2.6108243003828946,2025-12-23
2025-12-23 05:00:00,2003.03,2048.58,45.549999999999955,2.2234913940387955,45.549999999999955,2.274054806967442,2025-12-23
2025-12-23 06:00:00,2000.86,2035.04,34.180000000000064,1.6795738658699613,34.180000000000064,1.708265445858284,2025-12-23
2025-12-23 07:00:00,2018.27,2043.75,25.480000000000018,1.2467278287461783,25.480000000000018,1.2624673606603685,2025-12-23
2025-12-23 08:00:00,2026.88,2019.99,6.8900000000001,0.3410907974792004,-6.8900000000001,-0.33993132301863455,2025-12-23
2025-12-23 09:00:00,1966.93,2005.43,38.5,1.9197877761876505,38.5,1.9573650307840136,2025-12-23
2025-12-23 10:00:00,1745.56,1905.55,159.99,8.396001154522317,159.99,9.165539998625084,2025-12-23
2025-12-23 11:00:00,1798.15,1942.46,144.30999999999995,7.429239212133066,144.30999999999995,8.025470622584319,2025-12-23
2025-12-23 12:00:00,1787.68,1932.22,144.53999999999996,7.480514641189924,144.53999999999996,8.085339658104356,2025-12-23
2025-12-23 13:00:00,1964.66,2012.92,48.25999999999999,2.397512072014784,48.25999999999999,2.456404670528233,2025-12-23
2025-12-23 14:00:00,2042.8,1948.07,94.73000000000002,4.862761605075794,-94.73000000000002,-4.637262580771491,2025-12-23
2025-12-23 15:00:00,1785.17,1991.22,206.04999999999995,10.347927401291667,206.04999999999995,11.542318098556436,2025-12-23
2025-12-23 16:00:00,1966.62,1993.1,26.480000000000018,1.3285836134664604,26.480000000000018,1.346472628164059,2025-12-23
2025-12-23 17:00:00,1961.05,2002.77,41.72000000000003,2.0831148858830537,41.72000000000003,2.1274317330001797,2025-12-23
2025-12-23 18:00:00,1962.0,2015.82,53.819999999999936,2.6698812393963713,53.819999999999936,2.7431192660550425,2025-12-23
2025-12-23 19:00:00,1972.28,2025.04,52.75999999999999,2.605380634456603,52.75999999999999,2.6750765611373635,2025-12-23
2025-12-23 20:00:00,1991.23,2015.35,24.11999999999989,1.196814449103128,24.11999999999989,1.2113116013720109,2025-12-23
2025-12-23 21:00:00,1978.72,2020.48,41.75999999999999,2.066835603420969,41.75999999999999,2.110455243793967,2025-12-23
2025-12-23 22:00:00,2002.82,2020.8,17.980000000000018,0.8897466349960421,17.980000000000018,0.8977341947853535,2025-12-23
2025-12-23 23:00:00,2025.49,2059.14,33.649999999999864,1.6341773750206332,33.649999999999864,1.6613263950945134,2025-12-23
2025-12-24 00:00:00,2063.0,2031.24,31.75999999999999,1.5635769283787238,-31.75999999999999,-1.539505574406204,2025-12-24
2025-12-24 01:00:00,1829.8,1990.31,160.51,8.064572855484824,160.51,8.771996939556235,2025-12-24
2025-12-24 02:00:00,1814.8,1996.64,181.84000000000015,9.107300264444273,181.84000000000015,10.019836896627735,2025-12-24
2025-12-24 03:00:00,2026.86,1981.54,45.319999999999936,2.2871100255356915,-45.319999999999936,-2.2359709106697028,2025-12-24
2025-12-24 04:00:00,1803.36,1982.95,179.59000000000015,9.056708439446288,179.59000000000015,9.958632774376728,2025-12-24
2025-12-24 05:00:00,2029.11,2021.1,8.009999999999991,0.3963188362772744,-8.009999999999991,-0.3947543504294982,2025-12-24
2025-12-24 06:00:00,1971.31,2027.29,55.98000000000002,2.7613217645230836,55.98000000000002,2.839736013108036,2025-12-24
2025-12-24 07:00:00,2010.59,2018.55,7.960000000000036,0.39434247355775365,7.960000000000036,0.39590368996165487,2025-12-24
2025-12-24 08:00:00,2030.0,2005.04,24.960000000000036,1.24486294537765,-24.960000000000036,-1.2295566502463071,2025-12-24
2025-12-24 09:00:00,2009.31,2099.21,89.90000000000009,4.282563440532395,89.90000000000009,4.474172725960658,2025-12-24
2025-12-24 10:00:00,2027.87,1903.19,124.67999999999984,6.551106300474458,-124.67999999999984,-6.1483231173595865,2025-12-24
2025-12-24 11:00:00,1968.84,1936.97,31.86999999999989,1.6453533095504778,-31.86999999999989,-1.6187196521809741,2025-12-24
2025-12-24 12:00:00,1806.88,1921.45,114.56999999999994,5.962684431028647,114.56999999999994,6.340764190206319,2025-12-24
2025-12-24 13:00:00,1819.51,1931.66,112.15000000000009,5.805887164407819,112.15000000000009,6.1637473825370614,2025-12-24
2025-12-24 14:00:00,1839.73,1968.72,128.99,6.551972855459385,128.99,7.011354927081692,2025-12-24
2025-12-24 15:00:00,1844.53,1947.27,102.74000000000001,5.276104495010965,102.74000000000001,5.569982597192781,2025-12-24
2025-12-24 16:00:00,2004.42,2038.6,34.179999999999836,1.6766408319434827,34.179999999999836,1.7052314385208607,2025-12-24
2025-12-24 17:00:00,1963.79,2018.71,54.92000000000007,2.7205492616572005,54.92000000000007,2.7966330412111313,2025-12-24
2025-12-24 18:00:00,1971.09,2004.1,33.00999999999999,1.6471233970360755,33.00999999999999,1.6747079027340197,2025-12-24
2025-12-24 19:00:00,1802.71,2009.28,206.56999999999994,10.280797101449272,206.56999999999994,11.45885916203937,2025-12-24
2025-12-24 20:00:00,2009.74,1997.87,11.870000000000118,0.5941327513802259,-11.870000000000118,-0.5906236627623532,2025-12-24
2025-12-24 21:00:00,2009.4,1946.26,63.1400000000001,3.2441708713121633,-63.1400000000001,-3.1422315118941024,2025-12-24
2025-12-24 22:00:00,1813.43,1968.39,154.96000000000004,7.872423655881204,154.96000000000004,8.54513270432275,2025-12-24
2025-12-24 23:00:00,2003.85,1977.78,26.069999999999936,1.3181445863543941,-26.069999999999936,-1.3009955835017561,2025-12-24
2025-12-25 00:00:00,2027.97,1972.12,55.850000000000136,2.831977770115416,-55.850000000000136,-2.753985512606209,2025-12-25
2025-12-25 01:00:00,2047.09,1977.48,69.6099999999999,3.5201367396888923,-69.6099999999999,-3.400436717486769,2025-12-25
2025-12-25 02:00:00,2005.5,1947.55,57.950000000000045,2.9755333624297218,-57.950000000000045,-2.8895537272500644,2025-12-25
2025-12-25 03:00:00,2008.15,1962.54,45.61000000000013,2.3240290643757646,-45.61000000000013,-2.2712446779374114,2025-12-25
2025-12-25 04:00:00,2009.5,1940.7,68.79999999999995,3.545112588241354,-68.79999999999995,-3.4237372480716575,2025-12-25
2025-12-25 05:00:00,1821.52,1923.35,101.82999999999993,5.294408194036444,101.82999999999993,5.590386051209975,2025-12-25
2025-12-25 06:00:00,1974.95,1934.06,40.8900000000001,2.1142053504027847,-40.8900000000001,-2.0704321628395705,2025-12-25
2025-12-25 07:00:00,1826.13,1892.46,66.32999999999993,3.5049617957578985,66.32999999999993,3.632271525028334,2025-12-25
2025-12-25 08:00:00,1819.8,1898.11,78.30999999999995,4.125682916163971,78.30999999999995,4.303220134080665,2025-12-25
2025-12-25 09:00:00,1842.07,1853.99,11.920000000000073,0.6429376641729498,11.920000000000073,0.6470981015922345,2025-12-25
2025-12-25 10:00:00,1805.45,1890.43,84.98000000000002,4.495273562099629,84.98000000000002,4.706859785649009,2025-12-25
2025-12-25 11:00:00,1836.04,1995.42,159.3800000000001,7.987290896152194,159.3800000000001,8.680638766039962,2025-12-25
2025-12-25 12:00:00,2020.95,2028.02,7.069999999999936,0.348615891362015,7.069999999999936,0.3498354734159646,2025-12-25
2025-12-25 13:00:00,2025.78,2002.11,23.670000000000073,1.1822527233768412,-23.670000000000073,-1.1684388235642602,2025-12-25
2025-12-25 14:00:00,2010.73,1998.12,12.610000000000127,0.6310932276339823,-12.610000000000127,-0.6271354184798619,2025-12-25
2025-12-25 15:00:00,1842.86,1891.65,48.79000000000019,2.5792297729495517,48.79000000000019,2.6475152751701265,2025-12-25
2025-12-25 16:00:00,2003.55,1996.03,7.519999999999982,0.3767478444712746,-7.519999999999982,-0.3753337825359977,2025-12-25
2025-12-25 17:00:00,2073.76,2002.06,71.70000000000027,3.581311249413118,-71.70000000000027,-3.457487848159877,2025-12-25
2025-12-25 18:00:00,1817.29,1927.14,109.85000000000014,5.700156708905432,109.85000000000014,6.044714932674484,2025-12-25
2025-12-25 19:00:00,1963.35,1917.59,45.75999999999999,2.3863286729697166,-45.75999999999999,-2.3307102656174394,2025-12-25
2025-12-25 20:00:00,1986.56,1888.05,98.50999999999999,5.217552501257911,-98.50999999999999,-4.958823292525773,2025-12-25
2025-12-25 21:00:00,1972.3,1865.61,106.69000000000005,5.718772948258214,-106.69000000000005,-5.409420473558792,2025-12-25
2025-12-25 22:00:00,1805.05,1851.6,46.549999999999955,2.5140419096997166,46.549999999999955,2.5788759314146397,2025-12-25
2025-12-25 23:00:00,1969.03,1860.49,108.53999999999996,5.8339469709592615,-108.53999999999996,-5.512358877213652,2025-12-25
2025-12-26 00:00:00,1841.24,1850.38,9.1400000000001,0.4939525935213361,9.1400000000001,0.49640459690209315,2025-12-26
2025-12-26 01:00:00,1842.31,1765.39,76.91999999999985,4.3571108933436715,-76.91999999999985,-4.175193099966881,2025-12-26
2025-12-26 02:00:00,1828.63,1782.24,46.3900000000001,2.6029042104318214,-46.3900000000001,-2.536871865823053,2025-12-26
2025-12-26 03:00:00,1827.0,1792.07,34.930000000000064,1.9491426116167374,-34.930000000000064,-1.9118773946360186,2025-12-26
2025-12-26 04:00:00,1820.28,1808.02,12.259999999999991,0.6780898441388918,-12.259999999999991,-0.6735227547410284,2025-12-26
2025-12-26 05:00:00,1819.08,1788.8,30.279999999999973,1.692754919499104,-30.279999999999973,-1.6645776986168819,2025-12-26
2025-12-26 06:00:00,1811.17,1777.64,33.52999999999997,1.8862086811727894,-33.52999999999997,-1.8512894979488381,2025-12-26
2025-12-26 07:00:00,1785.37,1762.85,22.519999999999982,1.2774768131151253,-22.519999999999982,-1.2613631908231897,2025-12-26
2025-12-26 08:00:00,1746.73,1756.41,9.680000000000064,0.5511241680473274,9.680000000000064,0.554178379028245,2025-12-26
2025-12-26 09:00:00,1841.52,1731.75,109.76999999999998,6.338674750974446,-109.76999999999998,-5.9608367001172935,2025-12-26
2025-12-26 10:00:00,1671.53,1720.64,49.11000000000013,2.8541705411939815,49.11000000000013,2.938026837687635,2025-12-26
2025-12-26 11:00:00,1835.35,1896.16,60.81000000000017,3.2070078474390438,60.81000000000017,3.3132644999591454,2025-12-26
2025-12-26 12:00:00,1828.08,1904.67,76.59000000000015,4.02116902140529,76.59000000000015,4.189641591177637,2025-12-26
2025-12-26 13:00:00,1824.31,1883.95,59.6400000000001,3.165689110645192,59.6400000000001,3.269181224682214,2025-12-26
2025-12-26 14:00:00,1960.69,1917.31,43.38000000000011,2.262544919705218,-43.38000000000011,-2.212486420596836,2025-12-26
2025-12-26 15:00:00,1829.34,1910.85,81.50999999999999,4.265640945129131,81.50999999999999,4.455705336350815,2025-12-26
2025-12-26 16:00:00,1956.18,1939.02,17.160000000000082,0.8849831358108777,-17.160000000000082,-0.8772198877403962,2025-12-26
2025-12-26 17:00:00,2028.42,1886.28,142.1400000000001,7.5354666327374575,-142.1400000000001,-7.007424497885058,2025-12-26
2025-12-26 18:00:00,1816.46,1803.42,13.039999999999964,0.723070610284901,-13.039999999999964,-0.7178798322010924,2025-12-26
2025-12-26 19:00:00,1820.12,1834.65,14.5300000000002,0.7919766712997138,14.5300000000002,0.7982990132518846,2025-12-26
2025-12-26 20:00:00,1970.98,1865.39,105.58999999999992,5.660478505835236,-105.58999999999992,-5.357233457467855,2025-12-26
2025-12-26 21:00:00,1817.15,1855.94,38.789999999999964,2.0900460144185677,38.789999999999964,2.13466142035605,2025-12-26
2025-12-26 22:00:00,1812.96,1811.02,1.9400000000000546,0.10712195337434455,-1.9400000000000546,-0.10700732503751073,2025-12-26
2025-12-26 23:00:00,1805.71,1817.82,12.1099999999999,0.6661825703314905,12.1099999999999,0.670650325910578,2025-12-26
2025-12-27 00:00:00,1835.37,1792.35,43.01999999999998,2.400200853627918,-43.01999999999998,-2.343941548570587,2025-12-27
2025-12-27 01:00:00,1827.94,1834.47,6.529999999999973,0.35596112228599935,6.529999999999973,0.3572327319277423,2025-12-27
2025-12-27 02:00:00,1978.05,1809.0,169.04999999999995,9.344941956882252,-169.04999999999995,-8.546295594145747,2025-12-27
2025-12-27 03:00:00,1787.55,1790.88,3.3300000000001546,0.1859421066738226,3.3300000000001546,0.18628849542671,2025-12-27
2025-12-27 04:00:00,1816.95,1799.66,17.289999999999964,0.9607370281053067,-17.289999999999964,-0.9515947054129152,2025-12-27
2025-12-27 05:00:00,1795.5,1778.46,17.039999999999964,0.9581323167234553,-17.039999999999964,-0.9490392648287365,2025-12-27
2025-12-27 06:00:00,1808.52,1806.69,1.8299999999999272,0.10129020473904915,-1.8299999999999272,-0.10118771149890116,2025-12-27
2025-12-27 07:00:00,1825.82,1825.25,0.5699999999999363,0.031228598822075678,-0.5699999999999363,-0.031218849612773242,2025-12-27
2025-12-27 08:00:00,1820.62,1801.9,18.7199999999998,1.0389033797657916,-18.7199999999998,-1.0282211554305567,2025-12-27
2025-12-27 09:00:00,1832.92,1817.58,15.340000000000146,0.8439793571672304,-15.340000000000146,-0.8369159592344535,2025-12-27
2025-12-27 10:00:00,2008.55,1886.12,122.43000000000006,6.491103429262194,-122.43000000000006,-6.09544198551194,2025-12-27
2025-12-27 11:00:00,1811.56,1935.41,123.85000000000014,6.399160901307741,123.85000000000014,6.836649075934561,2025-12-27
2025-12-27 12:00:00,1804.66,1994.83,190.16999999999985,9.533143175107647,190.16999999999985,10.537719016324395,2025-12-27
2025-12-27 13:00:00,2000.0,2039.11,39.1099999999999,1.917993634477782,39.1099999999999,1.9554999999999951,2025-12-27
2025-12-27 14:00:00,2132.79,2085.43,47.36000000000013,2.2709944711642267,-47.36000000000013,-2.2205655502885953,2025-12-27
2025-12-27 15:00:00,2119.91,2087.57,32.33999999999969,1.5491696086837659,-32.33999999999969,-1.5255364614535378,2025-12-27
2025-12-27 16:00:00,2132.48,2057.44,75.03999999999996,3.647250952640172,-75.03999999999996,-3.5189075630252087,2025-12-27
2025-12-27 17:00:00,2035.09,2017.27,17.819999999999936,0.883372082071311,-17.819999999999936,-0.8756369497172085,2025-12-27
2025-12-27 18:00:00,2021.63,2003.81,17.820000000000164,0.8893058723132514,-17.820000000000164,-0.8814669350969349,2025-12-27
2025-12-27 19:00:00,2034.09,1905.87,128.22000000000003,6.727636197642023,-128.22000000000003,-6.303555889857384,2025-12-27
2025-12-27 20:00:00,1796.79,1875.01,78.22000000000003,4.171711084207552,78.22000000000003,4.353318974393225,2025-12-27
2025-12-27 21:00:00,1964.14,1872.17,91.97000000000003,4.912481238349082,-91.97000000000003,-4.6824564440416685,2025-12-27
2025-12-27 22:00:00,1773.45,1824.46,51.00999999999999,2.79589577189963,51.00999999999999,2.8763145281795364,2025-12-27
2025-12-27 23:00:00,1782.38,1874.58,92.19999999999982,4.918435062787388,92.19999999999982,5.172858761880173,2025-12-27
2025-12-28 00:00:00,1968.0,1901.11,66.8900000000001,3.5184707881185258,-66.8900000000001,-3.398882113821143,2025-12-28
2025-12-28 01:00:00,1993.54,1870.57,122.97000000000003,6.573932010029031,-122.97000000000003,-6.168424009550851,2025-12-28
2025-12-28 02:00:00,1785.96,1855.12,69.15999999999985,3.7280607184440826,69.15999999999985,3.872427154023598,2025-12-28
2025-12-28 03:00:00,1748.21,1822.68,74.47000000000003,4.085741874602236,74.47000000000003,4.259785723683083,2025-12-28
2025-12-28 04:00:00,1800.88,1664.95,135.93000000000006,8.164209135409475,-135.93000000000006,-7.547976544800323,2025-12-28
2025-12-28 05:00:00,1347.59,1359.07,11.480000000000018,0.8446952695593323,11.480000000000018,0.851891153837593,2025-12-28
2025-12-28 06:00:00,1403.71,1530.1,126.38999999999987,8.26024442846872,126.38999999999987,9.00399655199435,2025-12-28
2025-12-28 07:00:00,1402.22,1650.86,248.63999999999987,15.061240807821372,248.63999999999987,17.731882300922813,2025-12-28
2025-12-28 08:00:00,1387.92,1490.02,102.09999999999991,6.852257016684334,102.09999999999991,7.356331777047662,2025-12-28
2025-12-28 09:00:00,140.48,2112.72,1972.2399999999998,93.35075163769928,1972.2399999999998,1403.9293849658313,2025-12-28
2025-12-28 10:00:00,1604.45,2522.51,918.0600000000002,36.394702102271154,918.0600000000002,57.219607965346384,2025-12-28
2025-12-28 11:00:00,2861.79,2417.74,444.0500000000002,18.366325576778323,-444.0500000000002,-15.516512392593453,2025-12-28
2025-12-28 12:00:00,1985.73,2246.5,260.77,11.607834409080791,260.77,13.132198234402463,2025-12-28
2025-12-28 13:00:00,1909.66,2260.49,350.8299999999997,15.52008635295886,350.8299999999997,18.3713331168899,2025-12-28
2025-12-28 14:00:00,2007.88,2261.41,253.52999999999975,11.211147027739319,253.52999999999975,12.626750602625641,2025-12-28
2025-12-28 15:00:00,1906.35,2263.0,356.6500000000001,15.760053026955372,356.6500000000001,18.708526765809015,2025-12-28
2025-12-28 16:00:00,1898.63,2265.84,367.21000000000004,16.206351728277372,367.21000000000004,19.340787831225676,2025-12-28
2025-12-28 17:00:00,2941.89,2300.63,641.2599999999998,27.87323472266291,-641.2599999999998,-21.79755191390568,2025-12-28
2025-12-28 18:00:00,2202.19,2145.01,57.179999999999836,2.665721838126621,-57.179999999999836,-2.596506205186648,2025-12-28
2025-12-28 19:00:00,2072.03,2099.91,27.879999999999654,1.3276759480168034,27.879999999999654,1.3455403637978047,2025-12-28
2025-12-28 20:00:00,2043.27,2042.52,0.75,0.0367193466893837,-0.75,-0.03670586853426126,2025-12-28
2025-12-28 21:00:00,1992.7,2059.3,66.60000000000014,3.234108677706023,66.60000000000014,3.3421990264465364,2025-12-28
2025-12-28 22:00:00,1993.67,2062.06,68.38999999999987,3.316586326295058,68.38999999999987,3.4303570801586956,2025-12-28
2025-12-28 23:00:00,2102.3,1977.29,125.01000000000022,6.322289598389727,-125.01000000000022,-5.946344479855406,2025-12-28
2025-12-29 00:00:00,2031.37,1984.59,46.77999999999997,2.357161932691386,-46.77999999999997,-2.3028793375899013,2025-12-29
2025-12-29 01:00:00,2081.41,1997.23,84.17999999999984,4.214837550006751,-84.17999999999984,-4.044373765860635,2025-12-29
2025-12-29 02:00:00,2040.79,1993.82,46.97000000000003,2.3557793582168918,-46.97000000000003,-2.301559690120004,2025-12-29
2025-12-29 03:00:00,1975.43,1912.76,62.67000000000007,3.276417323657964,-62.67000000000007,-3.172473841138389,2025-12-29
2025-12-29 04:00:00,2018.96,1909.17,109.78999999999996,5.750666520006074,-109.78999999999996,-5.437948250584458,2025-12-29
2025-12-29 05:00:00,1756.48,1919.52,163.03999999999996,8.493790114195214,163.03999999999996,9.282200765166696,2025-12-29
2025-12-29 06:00:00,1966.64,1934.41,32.23000000000002,1.666141097285478,-32.23000000000002,-1.6388357808241476,2025-12-29
2025-12-29 07:00:00,2014.34,1951.9,62.43999999999983,3.198934371637882,-62.43999999999983,-3.0997746160032484,2025-12-29
2025-12-29 08:00:00,1966.4,1927.39,39.00999999999999,2.0239806162738203,-39.00999999999999,-1.983828315703824,2025-12-29
2025-12-29 09:00:00,1780.07,1937.62,157.54999999999995,8.131109299036961,157.54999999999995,8.850775531299329,2025-12-29
2025-12-29 10:00:00,1799.16,2005.73,206.56999999999994,10.298993383954965,206.56999999999994,11.481469130038459,2025-12-29
2025-12-29 11:00:00,2027.66,2044.75,17.089999999999918,0.8357989974324449,17.089999999999918,0.8428434747442825,2025-12-29
2025-12-29 12:00:00,1995.25,2062.85,67.59999999999991,3.277019657270277,67.59999999999991,3.388046610700409,2025-12-29
2025-12-29 13:00:00,2030.02,2072.85,42.82999999999993,2.066237306124415,42.82999999999993,2.109831430232211,2025-12-29
2025-12-29 14:00:00,2008.54,2032.27,23.730000000000018,1.167659808982075,23.730000000000018,1.1814551863542682,2025-12-29
2025-12-29 15:00:00,2018.7,1917.0,101.70000000000005,5.305164319248829,-101.70000000000005,-5.0378956754346875,2025-12-29
2025-12-29 16:00:00,1907.64,1854.07,53.570000000000164,2.889319173493998,-53.570000000000164,-2.8081818372439327,2025-12-29
2025-12-29 17:00:00,1832.69,1817.06,15.63000000000011,0.8601807315113486,-15.63000000000011,-0.8528447255127768,2025-12-29
2025-12-29 18:00:00,1844.45,1872.78,28.329999999999927,1.5127243990217711,28.329999999999927,1.5359592290384627,2025-12-29
2025-12-29 19:00:00,2031.8,1954.81,76.99000000000001,3.938490185746953,-76.99000000000001,-3.7892509105226893,2025-12-29
2025-12-29 20:00:00,1816.13,1999.29,183.15999999999985,9.161252244546807,183.15999999999985,10.0851811269017,2025-12-29
2025-12-29 21:00:00,2003.96,1996.36,7.600000000000136,0.38069286100703964,-7.600000000000136,-0.37924908680812675,2025-12-29
2025-12-29 22:00:00,1791.46,1871.33,79.86999999999989,4.268087403076951,79.86999999999989,4.458374733457621,2025-12-29
2025-12-29 23:00:00,1974.88,1823.54,151.34000000000015,8.29924213343278,-151.34000000000015,-7.663250425342307,2025-12-29
2025-12-30 00:00:00,1771.82,1853.29,81.47000000000003,4.395966092732386,81.47000000000003,4.5980968721427695,2025-12-30
2025-12-30 01:00:00,1780.07,1841.31,61.24000000000001,3.325892978368662,61.24000000000001,3.4403141449493564,2025-12-30
2025-12-30 02:00:00,1811.91,1854.81,42.899999999999864,2.3129053649699896,42.899999999999864,2.3676672682417923,2025-12-30
2025-12-30 03:00:00,1823.28,1840.06,16.779999999999973,0.91192678499614,16.779999999999973,0.9203194243341656,2025-12-30
2025-12-30 04:00:00,1821.34,1911.31,89.97000000000003,4.707242676488902,89.97000000000003,4.939769620169767,2025-12-30
2025-12-30 05:00:00,1821.16,1926.61,105.44999999999982,5.473344371720266,105.44999999999982,5.790265545037219,2025-12-30
2025-12-30 06:00:00,1822.83,1950.86,128.02999999999997,6.562746686076909,128.02999999999997,7.023693926476961,2025-12-30
2025-12-30 07:00:00,1966.69,1934.87,31.820000000000164,1.644554931339065,-31.820000000000164,-1.6179469057146862,2025-12-30
2025-12-30 08:00:00,1821.93,1934.06,112.12999999999988,5.7976484700578,112.12999999999988,6.154462575400804,2025-12-30
2025-12-30 09:00:00,1836.89,1921.38,84.49000000000001,4.397360230667542,84.49000000000001,4.599622187501701,2025-12-30
2025-12-30 10:00:00,1830.27,1942.35,112.07999999999993,5.770329755193448,112.07999999999993,6.1236866691799525,2025-12-30
2025-12-30 11:00:00,1824.05,2006.78,182.73000000000002,9.10563190783245,182.73000000000002,10.017817494037994,2025-12-30
2025-12-30 12:00:00,2075.52,2020.3,55.22000000000003,2.7332574370143066,-55.22000000000003,-2.6605380820228195,2025-12-30
2025-12-30 13:00:00,2007.77,2047.32,39.549999999999955,1.9317937596467556,39.549999999999955,1.9698471438461553,2025-12-30
2025-12-30 14:00:00,2073.74,2069.73,4.0099999999997635,0.19374507786038583,-4.0099999999997635,-0.19337043216602678,2025-12-30
2025-12-30 15:00:00,2010.04,1994.28,15.759999999999991,0.7902601440118735,-15.759999999999991,-0.784063998726393,2025-12-30
2025-12-30 16:00:00,1780.56,1924.88,144.32000000000016,7.4976102406383855,144.32000000000016,8.105315181740586,2025-12-30
2025-12-30 17:00:00,1731.36,1943.45,212.09000000000015,10.913066968535343,212.09000000000015,12.249907587099168,2025-12-30
2025-12-30 18:00:00,2082.89,2003.3,79.58999999999992,3.9729446413417824,-79.58999999999992,-3.8211331371315778,2025-12-30
2025-12-30 19:00:00,2009.3,2067.06,57.75999999999999,2.7943068899790036,57.75999999999999,2.874632956751107,2025-12-30
2025-12-30 20:00:00,2002.63,2038.76,36.12999999999988,1.7721556240067433,36.12999999999988,1.8041275722424952,2025-12-30
2025-12-30 21:00:00,2010.69,2037.3,26.6099999999999,1.3061404800471164,26.6099999999999,1.3234262864986597,2025-12-30
2025-12-30 22:00:00,1970.1,2023.07,52.97000000000003,2.618297933338937,52.97000000000003,2.688696005278921,2025-12-30
2025-12-30 23:00:00,2023.37,1939.7,83.66999999999985,4.3135536423158145,-83.66999999999985,-4.135180416829342,2025-12-30
