time,hour,temperature,RH,dew_point,wet_bulb,ssrd,total_chiller_load,load_group,temp_ma3,temp_x_rh,predicted_energy
2025-12-01 16:00:00,16,12.889,28.1,-1.4910000000000014,7.136999999999999,304.04,10740.895,3.0,12.983333333333333,3.6218090000000003,1999.21
2025-12-01 17:00:00,17,11.538,36.5,-1.161999999999999,6.458,128.72,10740.895,3.0,12.514000000000001,4.21137,1995.86
2025-12-01 18:00:00,18,10.081,37.2,-2.478999999999999,5.0569999999999995,8.08,11036.244999999999,3.0,11.502666666666665,3.750132,2043.97
2025-12-01 19:00:00,19,9.7724,37.8,-2.667600000000002,4.796399999999998,0.0,11036.244999999999,3.0,10.4638,3.6939671999999995,2041.29
2025-12-01 20:00:00,20,10.359,37.8,-2.0810000000000013,5.382999999999999,0.0,10396.32,2.0,10.0708,3.9157019999999996,1830.1
2025-12-01 21:00:00,21,10.443,38.6,-1.8369999999999997,5.531,0.0,10061.59,2.0,10.191466666666665,4.030998,1819.79
2025-12-01 22:00:00,22,9.7912,40.3,-2.1488000000000014,5.015199999999999,0.0,10662.135,3.0,10.197733333333334,3.9458536,1976.33
2025-12-01 23:00:00,23,8.7712,42.8,-2.668800000000001,4.1952,0.0,10307.715,2.0,9.668466666666667,3.7540736,1817.65
2025-12-02 00:00:00,0,8.0901,45.3,-2.8499000000000017,3.714099999999999,0.0,10927.95,3.0,8.884166666666667,3.6648152999999994,2025.17
2025-12-02 01:00:00,1,7.6015,47.4,-2.9185,3.3934999999999995,0.0,10484.925,2.0,8.154266666666667,3.6031109999999997,1818.13
2025-12-02 02:00:00,2,7.6048,48.3,-2.7352,3.4688,0.0,10622.755000000001,3.0,7.765466666666666,3.6731183999999995,1974.88
2025-12-02 03:00:00,3,7.5195,49.0,-2.6804999999999994,3.4395,0.0,10071.435000000001,2.0,7.575266666666667,3.6845549999999996,1802.67
2025-12-02 04:00:00,4,7.371,49.8,-2.6690000000000005,3.3549999999999995,0.0,10150.195,2.0,7.498433333333334,3.670758,1808.87
2025-12-02 05:00:00,5,7.1331,50.5,-2.7669000000000006,3.173099999999999,0.0,9953.295,2.0,7.3412,3.6022155,1782.32
2025-12-02 06:00:00,6,7.1091,50.6,-2.7708999999999993,3.1571000000000002,0.0,10051.744999999999,2.0,7.2044,3.5972046,1800.66
2025-12-02 07:00:00,7,7.4359,49.8,-2.6041000000000007,3.4199,0.0,10307.715,2.0,7.2260333333333335,3.7030781999999998,1807.65
2025-12-02 08:00:00,8,7.3488,49.2,-2.8112000000000004,3.2847999999999997,8.28,9736.705,2.0,7.297933333333333,3.6156096000000004,1740.98
2025-12-02 09:00:00,9,8.4333,46.1,-2.3467000000000002,4.1213,73.38,10238.8,2.0,7.739333333333332,3.8877512999999997,1813.11
2025-12-02 10:00:00,10,9.6638,42.5,-1.8361999999999998,5.0638000000000005,195.18,9913.915,2.0,8.481966666666667,4.107115,1791.11
2025-12-02 11:00:00,11,10.837,40.0,-1.1630000000000003,6.036999999999999,339.24,9766.24,2.0,9.644699999999998,4.3348,1774.25
2025-12-02 12:00:00,12,11.128,38.3,-1.2119999999999997,6.192,426.92,9894.224999999999,2.0,10.542933333333332,4.262023999999999,1817.0
2025-12-02 13:00:00,13,10.993,38.7,-1.2669999999999995,6.0889999999999995,505.98,9579.185000000001,2.0,10.985999999999999,4.254291,1769.44
2025-12-02 14:00:00,14,10.129,38.4,-2.1910000000000007,5.201,478.78,9904.07,2.0,10.75,3.889536,1815.94
2025-12-02 15:00:00,15,10.057,37.0,-2.5429999999999993,5.017,407.48,9776.085,2.0,10.393,3.7210900000000002,1791.31
2025-12-02 16:00:00,16,9.5939,38.6,-2.6860999999999997,4.6819,257.08,9884.380000000001,2.0,9.926633333333333,3.7032454,1806.43
2025-12-02 17:00:00,17,8.7958,43.2,-2.5641999999999996,4.251799999999999,91.68,10081.279999999999,2.0,9.482233333333333,3.7997856000000003,1813.02
2025-12-02 18:00:00,18,8.2874,44.2,-2.8726000000000003,3.8233999999999995,5.36,9766.24,2.0,8.892366666666666,3.6630308,1758.21
2025-12-02 19:00:00,19,8.019,45.3,-2.921000000000001,3.6429999999999993,6.1035e-05,10160.04,2.0,8.3674,3.6326069999999997,1799.64
2025-12-02 20:00:00,20,7.481,48.0,-2.9190000000000005,3.3209999999999997,0.039978,10032.055,2.0,7.929133333333333,3.59088,1789.39
2025-12-02 21:00:00,21,6.5677,50.9,-3.2523,2.6397,0.0,10327.404999999999,2.0,7.355900000000001,3.3429593,1804.91
2025-12-02 22:00:00,22,6.1153,51.5,-3.584699999999999,2.2353000000000005,0.0,10445.545,2.0,6.721333333333334,3.1493795,1812.44
2025-12-02 23:00:00,23,5.3781,54.1,-3.8019,1.7060999999999997,0.0,10524.305,3.0,6.020366666666667,2.9095521000000004,1968.29
2025-12-03 00:00:00,0,4.8729,55.1,-4.107100000000001,1.280899999999999,0.0,10494.77,2.0,5.455433333333333,2.6849678999999997,1830.58
2025-12-03 01:00:00,1,4.6499,55.5,-4.250100000000001,1.0898999999999992,0.0,10573.529999999999,3.0,4.966966666666666,2.5806944999999994,1966.78
2025-12-03 02:00:00,2,4.2609,56.0,-4.5391,0.7408999999999999,0.0,10386.474999999999,2.0,4.594566666666666,2.3861040000000004,1818.94
2025-12-03 03:00:00,3,3.8625,56.8,-4.777500000000001,0.4064999999999994,0.0,9815.465,2.0,4.257766666666666,2.1938999999999997,1767.2
2025-12-03 04:00:00,4,3.5389,58.1,-4.841099999999999,0.18690000000000007,0.0,10396.32,2.0,3.8874333333333335,2.0561009,1817.13
2025-12-03 05:00:00,5,3.2645,59.9,-4.7555,0.056499999999999995,0.0,9992.675,2.0,3.5553000000000003,1.9554354999999999,1809.74
2025-12-03 06:00:00,6,2.9974,61.8,-4.642600000000001,-0.05860000000000065,0.0,10022.21,2.0,3.266933333333333,1.8523931999999999,1813.07
2025-12-03 07:00:00,7,2.6999,63.8,-4.540100000000001,-0.19610000000000039,0.0,10061.59,2.0,2.9872666666666667,1.7225361999999997,1816.85
2025-12-03 08:00:00,8,3.5236,60.9,-4.2964,0.39559999999999995,14.88,9372.44,2.0,3.0736333333333334,2.1458724,1676.09
2025-12-03 09:00:00,9,5.486,52.8,-3.9540000000000015,1.709999999999999,158.08,9608.72,2.0,3.903166666666666,2.896608,1756.5
2025-12-03 10:00:00,10,7.2007,46.0,-3.5993000000000004,2.8807,338.28,9874.535,2.0,5.403433333333333,3.3123220000000004,1801.29
2025-12-03 11:00:00,11,8.5985,37.3,-3.9415000000000013,3.5824999999999987,484.46,9864.69,2.0,7.095066666666667,3.2072404999999997,1794.97
2025-12-03 12:00:00,12,9.4179,30.9,-4.402099999999999,3.8899,577.02,9677.634999999998,2.0,8.4057,2.9101310999999996,1779.14
2025-12-03 13:00:00,13,10.075,29.3,-4.065000000000001,4.418999999999999,604.86,10032.055,2.0,9.3638,2.951975,1858.67
2025-12-03 14:00:00,14,10.573,29.7,-3.4869999999999983,4.949000000000001,567.66,10278.18,2.0,10.021966666666666,3.140181,1866.24
2025-12-03 15:00:00,15,10.696,29.6,-3.384000000000002,5.063999999999998,466.5,10297.869999999999,2.0,10.448,3.1660160000000004,1874.75
2025-12-03 16:00:00,16,10.387,30.3,-3.553000000000001,4.810999999999999,314.62,10435.7,2.0,10.552,3.1472610000000003,1879.53
2025-12-03 17:00:00,17,9.1371,37.0,-3.4628999999999994,4.0971,133.22,9972.985,2.0,10.073366666666667,3.380727,1819.87
2025-12-03 18:00:00,18,7.4703,42.8,-3.9697000000000013,2.894299999999999,8.38,9864.69,2.0,8.998133333333334,3.1972883999999997,1792.09
2025-12-03 19:00:00,19,6.7523,50.7,-3.1076999999999995,2.8083,0.0,10258.490000000002,2.0,7.7865666666666655,3.4234161,1809.33
2025-12-03 20:00:00,20,6.2634,53.5,-3.036600000000001,2.543399999999999,0.0,9904.07,2.0,6.828666666666667,3.350919,1777.14
2025-12-03 21:00:00,21,5.9812,53.9,-3.2388000000000003,2.2931999999999997,0.0,9559.494999999999,2.0,6.3323,3.2238668,1715.83
2025-12-03 22:00:00,22,5.9613,53.7,-3.2987,2.2573,0.0,10032.055,2.0,6.0686333333333335,3.2012180999999997,1795.61
2025-12-03 23:00:00,23,6.4616,52.2,-3.098399999999999,2.6376,0.0,10514.46,3.0,6.1347,3.3729552000000003,1969.45
2025-12-04 00:00:00,0,6.5015,52.0,-3.0984999999999996,2.6615,0.0,10032.055,2.0,6.308133333333333,3.3807799999999997,1814.06
2025-12-04 01:00:00,1,6.2472,52.4,-3.2727999999999993,2.4392000000000005,0.0,10032.055,2.0,6.403433333333333,3.2735328,1821.09
2025-12-04 09:00:00,9,6.6789,50.1,-3.301100000000001,2.6868999999999987,116.82,10494.77,2.0,5.6112666666666655,3.3461289,1833.01
2025-12-04 10:00:00,10,8.274,43.6,-3.0060000000000002,3.7619999999999996,290.66,10494.77,2.0,6.6342,3.607464,1820.59
2025-12-04 11:00:00,11,9.6639,39.4,-2.456100000000001,4.815899999999999,407.62,10494.77,2.0,8.205599999999999,3.8075766,1823.5
2025-12-04 12:00:00,12,11.147,36.4,-1.5730000000000004,6.059,523.54,10494.77,2.0,9.694966666666668,4.0575079999999994,1841.04
2025-12-04 13:00:00,13,12.269,34.0,-0.9309999999999992,6.989,558.36,10494.77,2.0,11.026633333333335,4.17146,1887.39
2025-12-04 14:00:00,14,12.922,32.5,-0.5779999999999994,7.522,516.08,10494.77,2.0,12.112666666666668,4.19965,1903.84
2025-12-04 15:00:00,15,13.198,32.2,-0.3619999999999983,7.774000000000001,387.2,10494.77,2.0,12.796333333333335,4.2497560000000005,1909.37
2025-12-04 16:00:00,16,13.174,32.9,-0.24599999999999866,7.805999999999999,237.48,10494.77,2.0,13.098,4.334245999999999,1912.29
2025-12-04 17:00:00,17,11.996,40.4,0.07600000000000051,7.228000000000001,98.2,10494.77,2.0,12.789333333333332,4.846384,1888.0
2025-12-04 18:00:00,18,10.899,41.7,-0.761000000000001,6.234999999999999,7.36,10494.77,2.0,12.022999999999998,4.544883,1842.07
2025-12-04 19:00:00,19,10.113,44.6,-0.9670000000000005,5.680999999999999,0.0,10494.77,2.0,11.002666666666665,4.510398,1826.05
2025-12-04 20:00:00,20,9.1446,48.6,-1.1353999999999989,5.0326,0.0,10494.77,2.0,10.0522,4.4442756,1802.96
2025-12-04 21:00:00,21,8.348,49.7,-1.711999999999998,4.324000000000001,0.0,10494.77,2.0,9.201866666666666,4.148956000000001,1802.52
2025-12-04 22:00:00,22,7.7161,51.8,-1.9239000000000006,3.860099999999999,0.0,10494.77,2.0,8.4029,3.9969397999999994,1790.61
2025-12-04 23:00:00,23,7.3152,52.4,-2.2047999999999996,3.5072,0.0,10494.77,2.0,7.7931,3.8331648,1800.0
2025-12-05 00:00:00,0,6.4893,49.6,-3.5907,2.4573,0.0,10494.77,2.0,7.173533333333334,3.2186928,1836.68
2025-12-05 01:00:00,1,5.5714,47.1,-5.0086,1.3393999999999995,0.0,10494.77,2.0,6.458633333333332,2.6241293999999997,1841.88
2025-12-05 02:00:00,2,5.1923,47.2,-5.367699999999998,0.9683000000000006,0.0,10494.77,2.0,5.751,2.4507656000000004,1828.73
2025-12-05 03:00:00,3,4.5158,48.1,-5.864199999999999,0.3637999999999999,0.0,10494.77,2.0,5.093166666666666,2.1720998,1827.07
2025-12-05 04:00:00,4,4.1623,48.4,-6.1577,0.0343,0.0,10494.77,2.0,4.623466666666666,2.0145532,1826.36
2025-12-05 05:00:00,5,3.7817,48.7,-6.4783,-0.32230000000000025,0.0,10494.77,2.0,4.153266666666666,1.8416879,1826.36
2025-12-05 06:00:00,6,3.3257,49.1,-6.8543,-0.7463000000000006,0.0,10494.77,2.0,3.7565666666666666,1.6329186999999998,1826.39
2025-12-05 07:00:00,7,3.049,49.1,-7.131,-1.0230000000000004,0.0,10494.77,2.0,3.3854666666666664,1.4970590000000001,1829.19
2025-12-05 08:00:00,8,3.5124,51.1,-6.2676,-0.39959999999999996,12.672,10494.77,2.0,3.2957,1.7948364,1829.42
2025-12-05 09:00:00,9,5.0849,44.0,-6.115099999999999,0.6049000000000002,146.54,10494.77,2.0,3.8821,2.237356,1838.53
2025-12-05 10:00:00,10,6.5041,38.6,-5.775899999999999,1.5921000000000003,321.62,10494.77,2.0,5.0338,2.5105826,1839.52
2025-12-05 11:00:00,11,7.7787,36.3,-4.9613000000000005,2.682699999999999,464.96,10494.77,2.0,6.4559,2.8236681,1837.61
2025-12-05 12:00:00,12,8.9792,35.6,-3.9008000000000003,3.8272000000000004,556.16,10494.77,2.0,7.7540000000000004,3.1965952000000004,1833.76
2025-12-05 13:00:00,13,9.9023,35.4,-3.017699999999998,4.7343,585.52,10494.77,2.0,8.886733333333334,3.5054142,1840.98
2025-12-05 14:00:00,14,10.586,35.3,-2.354000000000001,5.41,549.36,10494.77,2.0,9.8225,3.736858,1838.32
2025-12-05 15:00:00,15,10.919,35.7,-1.940999999999999,5.775,452.16,10494.77,2.0,10.4691,3.898083,1849.29
2025-12-05 16:00:00,16,10.879,36.5,-1.8209999999999997,5.7989999999999995,304.36,10494.77,2.0,10.794666666666666,3.9708349999999997,1854.3
2025-12-05 17:00:00,17,10.09,43.4,-1.2300000000000004,5.561999999999999,129.08,10179.73,2.0,10.629333333333333,4.37906,1834.71
2025-12-05 18:00:00,18,8.578,45.7,-2.282,4.234,8.24,10120.66,2.0,9.849,3.920146,1808.68
2025-12-05 19:00:00,19,8.0143,47.5,-2.4856999999999996,3.8143000000000002,0.0,9894.224999999999,2.0,8.8941,3.8067925000000002,1770.49
2025-12-05 20:00:00,20,7.6405,48.7,-2.6194999999999995,3.5365,0.080017,9904.07,2.0,8.0776,3.7209235,1772.67
2025-12-05 21:00:00,21,7.2664,49.9,-2.7535999999999996,3.2584,0.0,9717.015,2.0,7.6404,3.6259335999999998,1740.43
2025-12-05 22:00:00,22,6.9243,51.3,-2.8157000000000005,3.028299999999999,0.0,10110.814999999999,2.0,7.277066666666666,3.5521658999999994,1795.58
2025-12-05 23:00:00,23,6.6306,52.9,-2.7893999999999997,2.8626,0.0,10268.335,2.0,6.940433333333334,3.5075874,1808.95
2025-12-06 00:00:00,0,6.2841,55.5,-2.615900000000001,2.724099999999999,0.0,10297.869999999999,2.0,6.6129999999999995,3.4876755,1817.07
2025-12-06 01:00:00,1,5.9737,57.3,-2.566300000000001,2.5576999999999996,0.0,10110.814999999999,2.0,6.296133333333334,3.4229301,1816.31
2025-12-06 02:00:00,2,5.6854,59.7,-2.374599999999999,2.4614000000000003,0.0,9825.31,2.0,5.981066666666666,3.3941838,1758.63
2025-12-06 03:00:00,3,5.4796,62.4,-2.040400000000001,2.471599999999999,0.0,9451.2,2.0,5.7129,3.4192704,1667.48
2025-12-06 04:00:00,4,5.2945,65.3,-1.6455000000000002,2.5184999999999995,0.0,9529.96,2.0,5.4864999999999995,3.4573085,1695.05
2025-12-06 05:00:00,5,5.1087,68.0,-1.2913000000000006,2.5486999999999993,0.0,9421.665,2.0,5.294266666666666,3.473916,1658.66
2025-12-06 06:00:00,6,4.9753,71.4,-0.744699999999999,2.6873,0.0,9795.775,2.0,5.126166666666666,3.5523642,1739.16
2025-12-06 07:00:00,7,4.8567,74.1,-0.3233000000000015,2.784699999999999,0.0,9244.455,2.0,4.9802333333333335,3.5988146999999997,1631.91
2025-12-06 08:00:00,8,5.0963,75.1,0.11629999999999896,3.1043,11.424,9254.3,2.0,4.9761,3.8273213,1620.3
2025-12-06 09:00:00,9,7.2948,68.3,0.9547999999999996,4.7588,140.28,9697.325,2.0,5.749266666666666,4.9823484,1695.8
2025-12-06 10:00:00,10,9.5479,61.1,1.767900000000001,6.4359,313.52,10238.8,2.0,7.313,5.8337669000000005,1811.64
2025-12-06 11:00:00,11,11.401,56.2,2.641,7.896999999999999,455.08,10081.279999999999,2.0,9.414566666666667,6.407362000000001,1887.12
2025-12-06 12:00:00,12,12.889,52.2,3.3290000000000006,9.065,545.2,10179.73,2.0,11.279300000000001,6.728058,1927.2
2025-12-06 13:00:00,13,14.273,48.1,3.8930000000000007,10.120999999999999,574.52,10238.8,2.0,12.854333333333335,6.8653129999999996,1898.39
2025-12-06 14:00:00,14,15.123,45.3,4.182999999999998,10.746999999999998,539.52,10721.205,3.0,14.094999999999999,6.850718999999999,2044.87
2025-12-06 15:00:00,15,15.574,43.6,4.2940000000000005,11.062000000000001,444.34,10711.36,3.0,14.99,6.790264,2035.2
2025-12-06 16:00:00,16,15.578,43.7,4.318,11.074,299.34,10947.64,3.0,15.424999999999999,6.807586,2046.49
2025-12-06 17:00:00,17,13.953,51.4,4.232999999999999,10.064999999999998,126.86,10337.25,2.0,15.035000000000002,7.171841999999999,1907.32
2025-12-06 18:00:00,18,12.362,55.4,3.442,8.794,8.26,10711.36,3.0,13.964333333333334,6.848547999999999,2030.57
2025-12-06 19:00:00,19,11.852,58.1,3.4720000000000013,8.5,0.0,10494.77,2.0,12.722333333333333,6.886012000000001,1894.97
2025-12-06 20:00:00,20,11.269,60.7,3.4090000000000007,8.125,0.059998,10288.025,2.0,11.827666666666667,6.840283,1898.08
2025-12-06 21:00:00,21,10.825,63.1,3.4449999999999994,7.872999999999999,0.0,10435.7,2.0,11.315333333333333,6.830575,1888.5
2025-12-06 22:00:00,22,10.166,66.1,3.3859999999999992,7.454,0.0,10721.205000000002,3.0,10.753333333333336,6.719726,2024.45
2025-12-06 23:00:00,23,10.022,67.1,3.4419999999999993,7.390000000000001,0.0,10534.150000000001,3.0,10.337666666666665,6.724761999999999,1993.82
2025-12-07 00:00:00,0,9.7027,68.6,3.422699999999999,7.1907,0.0,10888.57,3.0,9.963566666666667,6.6560521999999995,2048.22
2025-12-07 01:00:00,1,9.2515,70.2,3.291500000000001,6.8675,0.0,10189.575,2.0,9.658733333333332,6.494553000000001,1834.0
2025-12-07 02:00:00,2,8.8501,71.6,3.170099999999998,6.578099999999998,0.0,10563.685000000001,3.0,9.2681,6.336671599999999,1988.11
2025-12-07 03:00:00,3,8.9106,71.4,3.1906000000000017,6.6226,0.0,10553.84,3.0,9.004066666666667,6.362168400000001,1986.8
2025-12-07 04:00:00,4,8.355,73.1,2.9749999999999996,6.202999999999999,0.0,10593.22,3.0,8.705233333333332,6.107505,1987.89
2025-12-07 05:00:00,5,8.2459,73.3,2.9059,6.1099,0.0,10465.235,2.0,8.503833333333334,6.0442447,1780.81
2025-12-07 06:00:00,6,8.2481,72.6,2.7680999999999996,6.056100000000001,0.0,10435.7,2.0,8.283000000000001,5.988120599999999,1774.01
2025-12-07 07:00:00,7,7.9537,72.5,2.4537000000000004,5.7537,0.0,10327.404999999999,2.0,8.149233333333333,5.7664325000000005,1775.66
2025-12-07 08:00:00,8,8.1774,70.0,2.1774000000000004,5.7774,9.984,10898.415,3.0,8.1264,5.7241800000000005,2042.88
2025-12-07 09:00:00,9,9.9212,64.8,2.8811999999999998,7.1052,115.86,10701.515,3.0,8.6841,6.4289376,2028.86
2025-12-07 10:00:00,10,11.948,55.5,3.048,8.388,262.78,11223.3,3.0,10.015533333333332,6.63114,2106.74
2025-12-07 11:00:00,11,14.075,45.2,3.115,9.690999999999999,444.2,11115.005000000001,3.0,11.9814,6.3619,2079.54
2025-12-07 12:00:00,12,15.455,35.1,2.4749999999999996,10.263,469.8,11558.029999999999,3.0,13.826,5.424705,2198.86
2025-12-07 13:00:00,13,16.486,29.2,2.3260000000000005,10.822000000000001,581.76,11282.369999999999,3.0,15.338666666666668,4.813912,2108.63
2025-12-07 14:00:00,14,17.031,26.3,2.2909999999999986,11.134999999999998,548.16,11498.96,3.0,16.323999999999998,4.479153,2237.58
2025-12-07 15:00:00,15,17.32,24.7,2.2600000000000016,11.296,451.96,11164.23,3.0,16.945666666666668,4.27804,2077.34
2025-12-07 16:00:00,16,17.209,25.2,2.2490000000000006,11.225,304.8,11164.23,3.0,17.186666666666664,4.3366679999999995,2076.87
2025-12-07 17:00:00,17,15.253,31.9,1.633000000000001,9.805,130.04,11262.68,3.0,16.593999999999998,4.865707,2102.53
2025-12-07 18:00:00,18,13.504,33.8,0.26399999999999935,8.207999999999998,8.16,10878.725,3.0,15.322000000000001,4.5643519999999995,2016.66
2025-12-07 19:00:00,19,12.649,36.0,-0.15100000000000158,7.528999999999999,0.039978,11154.385,3.0,13.802,4.55364,2077.88
2025-12-07 20:00:00,20,11.904,38.4,-0.41600000000000037,6.975999999999999,0.0,10957.485,3.0,12.685666666666668,4.571135999999999,2026.88
2025-12-07 21:00:00,21,11.141,40.7,-0.7189999999999994,6.397,0.0,10534.150000000001,3.0,11.898000000000001,4.534387000000001,1961.76
2025-12-07 22:00:00,22,10.494,42.2,-1.065999999999999,5.87,0.0,10317.56,2.0,11.179666666666668,4.4284680000000005,1830.98
2025-12-07 23:00:00,23,9.8335,43.7,-1.426499999999999,5.3295,0.0,10524.305,3.0,10.4895,4.297239500000001,1961.43
2025-12-08 00:00:00,0,9.0146,45.5,-1.8854000000000006,4.654599999999999,0.0,10514.46,3.0,9.780700000000001,4.101642999999999,1957.01
2025-12-08 01:00:00,1,8.2657,52.4,-1.2542999999999989,4.457700000000001,0.0,11006.71,3.0,9.037933333333335,4.3312268,2042.4
2025-12-08 02:00:00,2,8.0885,55.3,-0.8515000000000015,4.512499999999999,0.0,10681.825,3.0,8.456266666666666,4.4729405,1991.49
2025-12-08 03:00:00,3,7.7403,53.5,-1.5597000000000003,4.020300000000001,0.0,10297.869999999999,2.0,8.0315,4.1410605,1789.1
2025-12-08 04:00:00,4,7.3689,54.8,-1.671100000000001,3.7528999999999995,0.0,10258.49,2.0,7.732566666666667,4.0381572,1785.85
2025-12-08 05:00:00,5,6.9932,54.6,-2.0868,3.3612,0.0,10632.6,3.0,7.367466666666666,3.8182872,1973.16
2025-12-08 06:00:00,6,6.4412,55.1,-2.5388,2.8491999999999997,0.0,10553.84,3.0,6.934433333333334,3.5491012,1968.42
2025-12-08 07:00:00,7,6.1141,55.0,-2.8859000000000004,2.514099999999999,0.0,10839.345000000001,3.0,6.516166666666666,3.3627549999999995,2016.67
2025-12-08 08:00:00,8,6.6055,60.2,-1.354499999999999,3.4215,10.08,10563.685,3.0,6.386933333333334,3.9765110000000004,1968.39
2025-12-08 09:00:00,9,8.2049,55.2,-0.7550999999999988,4.6209,135.82,10396.32,2.0,6.974833333333333,4.529104800000001,1785.05
2025-12-08 10:00:00,10,9.334,50.3,-0.6060000000000016,5.357999999999999,216.86,10435.7,2.0,8.048133333333332,4.695002,1805.26
2025-12-08 11:00:00,11,10.633,43.5,-0.6670000000000016,6.112999999999999,277.14,10622.755000000001,3.0,9.390633333333334,4.625355,1967.07
2025-12-08 12:00:00,12,12.336,34.4,-0.7839999999999989,7.088000000000001,503.54,10977.175,3.0,10.767666666666665,4.243584,2029.52
2025-12-08 13:00:00,13,12.792,33.1,-0.588000000000001,7.439999999999999,524.04,10642.445,3.0,11.920333333333332,4.234152,1973.72
2025-12-08 14:00:00,14,13.085,31.8,-0.5549999999999997,7.6290000000000004,485.92,10996.865,3.0,12.737666666666668,4.16103,2039.73
2025-12-08 15:00:00,15,13.218,31.2,-0.5419999999999998,7.7139999999999995,446.4,10809.81,3.0,13.031666666666666,4.124016,2011.86
2025-12-08 16:00:00,16,12.922,31.8,-0.718,7.465999999999999,301.44,10297.869999999999,2.0,13.075000000000001,4.109196,1901.21
2025-12-08 17:00:00,17,11.593,38.6,-0.6869999999999994,6.681,128.34,10258.490000000002,2.0,12.577666666666666,4.474898,1859.14
2025-12-08 18:00:00,18,9.8031,43.8,-1.4368999999999996,5.307100000000001,8.14,10347.095000000001,2.0,11.439366666666666,4.2937578,1834.47
2025-12-08 19:00:00,19,9.3016,44.9,-1.718399999999999,4.8936,0.0,10228.955,2.0,10.232566666666665,4.1764184,1809.89
2025-12-08 20:00:00,20,9.0085,46.1,-1.7714999999999996,4.6965,0.099976,10386.475,2.0,9.371066666666666,4.1529185,1806.95
2025-12-08 21:00:00,21,8.7817,47.3,-1.7583000000000002,4.5657,0.0,10711.36,3.0,9.0306,4.1537441,1999.66
2025-12-08 22:00:00,22,8.3814,48.4,-1.938600000000001,4.253399999999999,0.0,10671.98,3.0,8.723866666666666,4.0565976,1989.18
2025-12-08 23:00:00,23,7.8182,49.5,-2.2817999999999996,3.7782000000000004,0.0,10416.01,2.0,8.3271,3.870009,1802.63
2025-12-09 00:00:00,0,7.2448,50.9,-2.5752000000000006,3.3167999999999993,0.0,10475.08,2.0,7.814799999999998,3.6876032,1814.56
2025-12-09 01:00:00,1,6.9732,51.4,-2.7468000000000004,3.0851999999999995,0.0,10475.080000000002,2.0,7.345399999999999,3.5842248,1816.08
2025-12-09 02:00:00,2,6.4897,52.7,-2.970299999999999,2.7057,0.0,10465.235,2.0,6.902566666666665,3.4200719000000004,1812.44
2025-12-09 03:00:00,3,6.1303,54.0,-3.069699999999999,2.4503,0.0,10327.405,2.0,6.531066666666667,3.310362,1812.14
2025-12-09 04:00:00,4,5.7621,55.5,-3.1379,2.2021,0.0,10100.970000000001,2.0,6.127366666666666,3.1979655000000005,1815.28
2025-12-09 05:00:00,5,5.4471,56.9,-3.172900000000001,1.9990999999999992,0.0,9776.085,2.0,5.7798333333333325,3.0993999,1758.93
2025-12-09 06:00:00,6,5.2065,58.0,-3.1935000000000002,1.8464999999999998,0.0,10258.49,2.0,5.471899999999999,3.0197700000000003,1818.94
2025-12-09 07:00:00,7,4.9329,59.2,-3.2271,1.6688999999999998,0.0,9982.83,2.0,5.195499999999999,2.9202768000000003,1810.58
2025-12-09 08:00:00,8,5.2213,58.8,-3.0187,1.9252999999999998,9.36,9982.83,2.0,5.120233333333333,3.0701244,1811.84
2025-12-09 09:00:00,9,6.9705,52.4,-2.549499999999999,3.1624999999999996,131.98,10140.35,2.0,5.708233333333333,3.6525420000000004,1824.36
2025-12-09 10:00:00,10,8.6351,46.3,-2.1049000000000007,4.339099999999999,303.54,10297.869999999999,2.0,6.9422999999999995,3.9980512999999998,1812.48
2025-12-09 11:00:00,11,10.158,41.3,-1.5820000000000007,5.461999999999999,445.4,10514.46,3.0,8.587866666666665,4.195253999999999,1959.85
2025-12-09 12:00:00,12,11.413,37.5,-1.0869999999999997,6.413,536.68,11046.09,3.0,10.068699999999998,4.2798750000000005,2045.93
2025-12-09 13:00:00,13,12.205,35.2,-0.754999999999999,7.021,567.5,10701.515,3.0,11.258666666666665,4.29616,1993.81
2025-12-09 14:00:00,14,12.821,34.0,-0.37899999999999956,7.5409999999999995,534.3,11115.005000000001,3.0,12.146333333333331,4.35914,2067.93
2025-12-09 15:00:00,15,13.151,33.7,-0.10899999999999999,7.8469999999999995,440.46,11213.455,3.0,12.725666666666667,4.431887000000001,2092.9
2025-12-09 16:00:00,16,12.835,34.9,-0.18499999999999872,7.627000000000001,253.62,11311.904999999999,3.0,12.935666666666668,4.479415,2120.56
2025-12-09 17:00:00,17,11.608,42.1,0.02800000000000047,6.976000000000001,105.06,11046.09,3.0,12.531333333333334,4.886968,2055.91
2025-12-09 18:00:00,18,10.368,44.4,-0.7520000000000007,5.919999999999999,8.14,11183.92,3.0,11.603666666666667,4.603392,2084.36
2025-12-09 19:00:00,19,9.8765,46.1,-0.9034999999999993,5.5645,0.02002,10908.26,3.0,10.6175,4.5530665,2024.01
2025-12-09 20:00:00,20,9.427,48.8,-0.8130000000000006,5.330999999999999,0.0,10996.865,3.0,9.890500000000001,4.600376,2035.12
2025-12-09 21:00:00,21,8.9954,50.9,-0.8246000000000002,5.0674,0.0,10937.795,3.0,9.432966666666665,4.5786586,2028.62
2025-12-09 22:00:00,22,8.6133,52.3,-0.9267000000000003,4.7973,0.0,10534.15,3.0,9.011899999999999,4.5047559,1968.32
2025-12-09 23:00:00,23,8.3224,53.2,-1.0375999999999994,4.5784,0.0,10957.485,3.0,8.6437,4.4275168,2029.35
2025-12-10 00:00:00,0,8.0391,54.2,-1.1209000000000007,4.3751,0.0,10780.275,3.0,8.324933333333332,4.3571922,2012.79
2025-12-10 01:00:00,1,7.762,55.0,-1.2380000000000004,4.161999999999999,0.0,11420.2,3.0,8.041166666666667,4.2691,2160.81
2025-12-10 02:00:00,2,7.538,56.0,-1.2620000000000005,4.018,0.0,10987.02,3.0,7.779699999999999,4.22128,2035.67
2025-12-10 03:00:00,3,7.2791,57.2,-1.280899999999999,3.8550999999999997,0.0,10740.895,3.0,7.526366666666665,4.1636452,2010.43
2025-12-10 04:00:00,4,6.9556,58.2,-1.4043999999999999,3.6115999999999997,0.0,10819.654999999999,3.0,7.257566666666666,4.0481592,2017.71
2025-12-10 05:00:00,5,6.7554,58.6,-1.5245999999999995,3.4434,0.0,10927.95,3.0,6.9967,3.9586644,2030.01
2025-12-10 06:00:00,6,6.532,59.2,-1.6280000000000001,3.268,0.0,10435.7,2.0,6.747666666666665,3.866944,1788.58
2025-12-10 07:00:00,7,6.3384,59.9,-1.6815999999999995,3.1304,0.0,10534.150000000001,3.0,6.541933333333333,3.7967016,1968.89
2025-12-10 08:00:00,8,6.6952,61.8,-0.9448000000000008,3.639199999999999,8.4,9815.465,2.0,6.521866666666665,4.1376336,1732.03
2025-12-10 09:00:00,9,8.3289,56.4,-0.3910999999999998,4.8409,109.16,10711.36,3.0,7.120833333333333,4.6974996,2004.21
2025-12-10 10:00:00,10,10.099,49.8,0.058999999999999275,6.083,270.6,10652.29,3.0,8.374366666666667,5.0293019999999995,1985.78
2025-12-10 11:00:00,11,11.72,45.3,0.7799999999999994,7.343999999999999,403.84,10563.685,3.0,10.0493,5.309159999999999,1977.62
2025-12-10 12:00:00,12,13.064,42.3,1.5239999999999991,8.448,468.24,11065.779999999999,3.0,11.627666666666665,5.526071999999999,2069.54
2025-12-10 13:00:00,13,14.323,40.7,2.463000000000001,9.579,490.06,10790.119999999999,3.0,13.035666666666666,5.829461,2023.19
2025-12-10 14:00:00,14,15.533,40.0,3.5329999999999995,10.732999999999999,512.3,11233.145,3.0,14.306666666666667,6.2132,2100.84
2025-12-10 15:00:00,15,16.227,40.2,4.267000000000001,11.443000000000001,436.36,10888.57,3.0,15.360999999999999,6.5232540000000006,2036.57
2025-12-10 16:00:00,16,16.323,41.5,4.623000000000001,11.643,294.6,10868.880000000001,3.0,16.027666666666665,6.774045,2037.65
2025-12-10 17:00:00,17,14.908,47.9,4.4879999999999995,10.739999999999998,125.12,11548.185,3.0,15.819333333333333,7.140931999999999,2250.15
2025-12-10 18:00:00,18,13.385,51.4,3.664999999999999,9.496999999999998,8.08,10799.965,3.0,14.872,6.87989,2027.21
2025-12-10 19:00:00,19,12.518,55.7,3.6580000000000013,8.974,0.039978,10268.335,2.0,13.603666666666664,6.972526,1912.06
2025-12-10 20:00:00,20,11.935,59.2,3.7750000000000004,8.671000000000001,0.0,10553.84,3.0,12.612666666666664,7.06552,2013.42
2025-12-10 21:00:00,21,11.453,61.9,3.8329999999999993,8.405,0.0,10396.32,2.0,11.968666666666666,7.089407,1907.58
2025-12-10 22:00:00,22,11.032,64.3,3.8919999999999995,8.176,0.0,11193.765,3.0,11.473333333333331,7.093576,2110.9
2025-12-10 23:00:00,23,10.674,66.2,3.9139999999999997,7.97,0.0,9273.99,2.0,11.052999999999997,7.0661879999999995,1798.43
2025-12-11 00:00:00,0,10.267,68.2,3.907,7.723,0.0,10750.74,3.0,10.657666666666666,7.002094,2045.94
2025-12-11 01:00:00,1,9.9233,70.1,3.943299999999998,7.531299999999999,0.0,10750.74,3.0,10.288099999999998,6.956233299999999,2045.1
2025-12-11 02:00:00,2,9.6222,71.4,3.9022000000000006,7.334199999999999,0.0,10632.599999999999,3.0,9.937499999999998,6.8702508,2014.53
2025-12-11 03:00:00,3,9.3072,72.7,3.847200000000001,7.123200000000001,0.0,10721.205000000002,3.0,9.617566666666667,6.766334400000001,2043.05
2025-12-11 04:00:00,4,9.0042,73.3,3.6642,6.8682,0.0,10740.895,3.0,9.3112,6.600078600000001,2031.02
2025-12-11 05:00:00,5,8.6735,74.2,3.5135000000000014,6.609500000000001,0.0,11036.244999999999,3.0,8.994966666666665,6.4357370000000005,2070.55
2025-12-11 06:00:00,6,8.4152,75.3,3.4752,6.4392000000000005,0.0,11124.85,3.0,8.697633333333332,6.336645600000001,2086.41
2025-12-11 07:00:00,7,8.122,76.9,3.5020000000000007,6.274,0.0,10465.235,2.0,8.403566666666665,6.245818000000001,1778.85
2025-12-11 08:00:00,8,7.9263,76.9,3.306300000000001,6.0783000000000005,8.16,10534.15,3.0,8.1545,6.095324700000001,1985.09
2025-12-11 09:00:00,9,9.6381,69.5,3.5381,7.198099999999999,127.34,10307.715,2.0,8.562133333333332,6.6984794999999995,1848.59
2025-12-11 10:00:00,10,11.431,61.3,3.690999999999999,8.334999999999999,297.98,10603.065,3.0,9.665133333333332,7.007203,2010.58
2025-12-11 11:00:00,11,13.075,53.9,3.8549999999999986,9.386999999999999,439.46,11203.61,3.0,11.381366666666665,7.047425,2113.07
2025-12-11 12:00:00,12,13.716,49.8,3.6759999999999984,9.7,529.86,11489.115,3.0,12.740666666666664,6.8305679999999995,2230.37
2025-12-11 13:00:00,13,13.977,45.7,3.117000000000001,9.633000000000001,560.76,10967.33,3.0,13.589333333333334,6.387489,2050.01
2025-12-11 14:00:00,14,14.343,39.3,2.2029999999999994,9.487,528.36,11341.44,3.0,14.011999999999999,5.636799,2140.85
2025-12-11 15:00:00,15,14.037,37.6,1.5570000000000004,9.045,435.42,11213.455,3.0,14.119,5.277912,2091.66
2025-12-11 16:00:00,16,13.726,40.1,1.7460000000000004,8.934,293.26,10731.05,3.0,14.035333333333332,5.504126,2013.27
2025-12-11 17:00:00,17,12.416,42.0,0.8160000000000007,7.776000000000001,125.0,11075.625,3.0,13.393,5.21472,2065.27
2025-12-11 18:00:00,18,11.035,44.8,-0.005000000000000782,6.618999999999999,8.32,11036.244999999999,3.0,12.392333333333333,4.94368,2048.27
2025-12-11 19:00:00,19,10.008,47.4,-0.5120000000000005,5.799999999999999,0.0,10977.175,3.0,11.152999999999999,4.743792,2032.92
2025-12-11 20:00:00,20,9.2871,48.8,-0.9528999999999996,5.1911000000000005,0.0,11223.3,3.0,10.110033333333332,4.5321048,2088.38
2025-12-11 21:00:00,21,8.6918,51.3,-1.0481999999999996,4.795800000000001,0.0,10809.810000000001,3.0,9.328966666666666,4.4588934,2009.66
2025-12-11 22:00:00,22,8.1411,54.7,-0.9188999999999989,4.5171,0.0,10711.36,3.0,8.706666666666665,4.4531817,1999.92
2025-12-11 23:00:00,23,7.6939,58.9,-0.5261000000000005,4.4059,0.0,11223.3,3.0,8.175599999999998,4.5317071,2094.88
2025-12-12 00:00:00,0,7.4934,61.0,-0.30659999999999954,4.3734,0.0,10603.064999999999,3.0,7.776133333333331,4.570974,1965.94
2025-12-12 01:00:00,1,7.0055,65.3,0.06549999999999923,4.229499999999999,0.0,11193.765,3.0,7.3976,4.5745914999999995,2094.2
2025-12-12 02:00:00,2,6.9236,66.6,0.24359999999999893,4.2516,0.0,10671.98,3.0,7.140833333333333,4.6111176,1987.04
2025-12-12 03:00:00,3,6.5788,68.1,0.19879999999999942,4.0268,0.0,10691.67,3.0,6.835966666666665,4.4801628,1995.77
2025-12-12 04:00:00,4,6.0069,68.8,-0.2331000000000003,3.5108999999999995,0.0,11558.029999999999,3.0,6.503099999999999,4.1327472,2186.32
2025-12-12 05:00:00,5,5.4003,68.8,-0.8397000000000006,2.904299999999999,0.0,10760.585,3.0,5.995333333333332,3.7154063999999996,2008.49
2025-12-12 06:00:00,6,4.8425,68.6,-1.4375000000000009,2.3305,0.0,10898.415,3.0,5.416566666666665,3.321955,2030.95
2025-12-12 07:00:00,7,4.3397,68.8,-1.9003000000000005,1.8436999999999997,0.0,10799.965,3.0,4.860833333333332,2.9857135999999995,2013.61
2025-12-12 08:00:00,8,3.4301,74.7,-1.6298999999999997,1.4061,0.6,10927.95,3.0,4.204099999999999,2.5622847,2037.23
2025-12-12 09:00:00,9,2.9315,75.8,-1.9085000000000005,0.9954999999999998,10.54,10110.814999999999,2.0,3.5670999999999986,2.222077,1820.25
2025-12-12 10:00:00,10,2.2391,78.7,-2.0208999999999997,0.5351000000000001,25.06,10416.01,2.0,2.866899999999999,1.7621717000000001,1821.22
2025-12-12 11:00:00,11,1.548,87.1,-1.032000000000001,0.5159999999999996,27.4,10425.855,2.0,2.2395333333333323,1.3483079999999998,1822.12
2025-12-12 12:00:00,12,1.1319,96.5,0.43189999999999995,0.8519,30.28,10790.12,3.0,1.6396666666666657,1.0922835,2020.43
2025-12-12 13:00:00,13,1.1244,96.1,0.34439999999999893,0.8123999999999996,35.42,10780.275000000001,3.0,1.268099999999999,1.0805484,2019.2
2025-12-12 14:00:00,14,1.2137,95.2,0.2537000000000006,0.8297000000000002,28.26,10425.855,2.0,1.1566666666666654,1.1554424,1814.75
2025-12-12 15:00:00,15,1.2689,96.6,0.5888999999999988,0.9968999999999995,22.92,10288.025,2.0,1.2023333333333321,1.2257573999999998,1816.77
2025-12-12 16:00:00,16,1.6924,97.6,1.2123999999999988,1.5003999999999995,29.8,10524.305,3.0,1.3916666666666655,1.6517823999999999,1969.99
2025-12-12 17:00:00,17,1.8719,98.3,1.5318999999999994,1.7358999999999996,12.68,10642.445,3.0,1.6110666666666653,1.8400777,1986.08
2025-12-12 18:00:00,18,2.1791,96.2,1.4191000000000007,1.8751000000000002,2.2,10563.685000000001,3.0,1.9144666666666657,2.0962942,1973.09
2025-12-12 19:00:00,19,2.4233,94.7,1.3633000000000004,1.9992999999999999,0.099998,10583.375,3.0,2.158099999999999,2.2948651,1974.99
2025-12-12 20:00:00,20,2.8838,91.1,1.1037999999999988,2.1717999999999993,0.0,10347.095000000001,2.0,2.4953999999999987,2.6271418,1800.28
2025-12-12 21:00:00,21,3.265,89.1,1.084999999999999,2.393,0.0,10337.25,2.0,2.8573666666666653,2.909115,1800.28
2025-12-12 22:00:00,22,3.5349,87.9,1.114900000000001,2.5669000000000004,0.0,10396.32,2.0,3.2278999999999987,3.1071771,1800.08
2025-12-12 23:00:00,23,3.6833,86.7,1.0233000000000008,2.6193,0.0,10416.009999999998,2.0,3.494399999999999,3.1934211,1803.42
2025-12-13 00:00:00,0,3.851,82.5,0.351,2.451,0.0,10878.725,3.0,3.6897333333333324,3.177075,2025.9
2025-12-13 01:00:00,1,4.9432,52.9,-4.4768,1.1752,0.0,10465.235,2.0,4.159166666666665,2.6149527999999997,1837.31
2025-12-13 02:00:00,2,4.2538,43.6,-7.026199999999999,-0.2582,0.0,10671.98,3.0,4.349333333333332,1.8546568,1978.09
2025-12-13 03:00:00,3,3.7206,41.3,-8.019400000000001,-0.9754000000000005,0.0,11252.835,3.0,4.305866666666666,1.5366077999999999,2086.46
2025-12-13 04:00:00,4,3.1969,40.9,-8.6231,-1.5311000000000008,0.0,10681.825,3.0,3.723766666666666,1.3075321,1980.05
2025-12-13 05:00:00,5,2.8207,36.8,-9.8193,-2.2353000000000005,0.0,10553.84,3.0,3.2460666666666653,1.0380175999999999,1947.95
2025-12-13 06:00:00,6,1.3164,46.3,-9.4236,-2.9796000000000005,0.0,10356.939999999999,2.0,2.444666666666665,0.6094932,1824.54
2025-12-13 07:00:00,7,0.43964,54.2,-8.72036,-3.2243600000000003,0.0,11105.16,3.0,1.5255799999999988,0.23828488,2064.08
2025-12-13 08:00:00,8,0.85461,53.3,-8.48539,-2.8813900000000006,7.92,10032.055,2.0,0.8702166666666654,0.4555071299999999,1818.49
2025-12-13 09:00:00,9,2.1826,50.6,-7.697399999999999,-1.7694,134.98,9657.945,2.0,1.1589499999999988,1.1043956,1764.27
2025-12-13 10:00:00,10,3.8868,44.1,-7.2932,-0.5851999999999999,317.14,10179.73,2.0,2.3080033333333323,1.7140788,1839.8
2025-12-13 11:00:00,11,5.6271,39.4,-6.492900000000001,0.7790999999999997,467.98,10435.7,2.0,3.8988333333333323,2.2170774,1835.78
2025-12-13 12:00:00,12,6.9051,34.7,-6.154899999999999,1.6811000000000007,565.02,10238.8,2.0,5.472999999999999,2.3960697,1833.67
2025-12-13 13:00:00,13,7.7377,31.1,-6.042300000000001,2.2256999999999993,598.58,9864.69,2.0,6.756633333333332,2.4064247000000005,1804.75
2025-12-13 14:00:00,14,8.4109,29.1,-5.769100000000002,2.738899999999999,566.02,10652.29,3.0,7.684566666666666,2.4475719000000002,1966.28
2025-12-13 15:00:00,15,8.6746,30.1,-5.305400000000001,3.082599999999999,469.36,10583.375,3.0,8.274399999999998,2.6110546,1958.76
2025-12-13 16:00:00,16,8.6177,32.4,-4.9023,3.2096999999999993,319.64,10553.84,3.0,8.567733333333331,2.7921347999999995,1957.28
2025-12-13 17:00:00,17,7.3145,41.4,-4.405500000000001,2.6264999999999996,139.62,10425.855,2.0,8.202266666666665,3.0282029999999995,1830.53
2025-12-13 18:00:00,18,5.7044,44.3,-5.435600000000001,1.2483999999999993,9.62,10199.42,2.0,7.212199999999999,2.5270491999999996,1818.67
2025-12-13 19:00:00,19,5.0594,46.4,-5.6606000000000005,0.7713999999999994,0.060059,10406.165,2.0,6.0261,2.3475616,1817.32
2025-12-13 20:00:00,20,4.4627,49.3,-5.677300000000001,0.4066999999999994,0.0,10376.630000000001,2.0,5.075499999999999,2.2001110999999995,1815.81
2025-12-13 21:00:00,21,3.9182,52.2,-5.641799999999998,0.09420000000000073,0.0,10012.365,2.0,4.480099999999999,2.0453004000000004,1801.29
2025-12-13 22:00:00,22,3.4109,54.9,-5.6091,-0.19710000000000027,0.0,10041.900000000001,2.0,3.9305999999999988,1.8725841,1800.16
2025-12-13 23:00:00,23,2.9835,56.7,-5.676500000000001,-0.4805000000000006,0.0,10347.095,2.0,3.4375333333333327,1.6916444999999998,1811.59
2025-12-14 00:00:00,0,2.7931,57.4,-5.7269,-0.6149000000000002,0.0,9776.085000000001,2.0,3.0624999999999987,1.6032393999999999,1766.46
2025-12-14 01:00:00,1,2.6278,58.7,-5.632199999999999,-0.6761999999999997,0.0,10406.165,2.0,2.801466666666666,1.5425186000000002,1827.21
2025-12-14 02:00:00,2,2.802,58.8,-5.438000000000001,-0.4940000000000002,0.0,10041.900000000001,2.0,2.7409666666666666,1.647576,1814.41
2025-12-14 03:00:00,3,2.3511,60.0,-5.648899999999999,-0.8489,0.0,9913.915,2.0,2.593633333333333,1.41066,1794.66
2025-12-14 04:00:00,4,2.0284,61.0,-5.771599999999999,-1.0916000000000001,0.0,9746.55,2.0,2.393833333333333,1.237324,1749.32
2025-12-14 05:00:00,5,1.6064,62.2,-5.9536,-1.4176,0.0,9667.79,2.0,1.9952999999999994,0.9991808,1741.47
2025-12-14 06:00:00,6,1.3145,63.6,-5.9655,-1.5975000000000001,0.0,9933.605,2.0,1.6497666666666662,0.8360219999999999,1795.28
2025-12-14 07:00:00,7,1.068,64.8,-5.972000000000001,-1.7480000000000007,0.0,9717.015,2.0,1.3296333333333328,0.692064,1743.9
2025-12-14 08:00:00,8,0.87048,57.4,-7.64952,-2.53752,7.08,9667.79,2.0,1.0843266666666662,0.49965552,1742.47
2025-12-14 09:00:00,9,2.7626,51.6,-6.9174,-1.1094000000000002,126.56,9421.665,2.0,1.5670266666666661,1.4255016,1701.11
2025-12-14 10:00:00,10,4.408,45.3,-6.532000000000001,0.031999999999999584,302.4,9894.225,2.0,2.68036,1.996824,1809.95
2025-12-14 11:00:00,11,5.9541,41.4,-5.7659,1.2660999999999998,448.54,9835.154999999999,2.0,4.374899999999999,2.4649974,1790.76
2025-12-14 12:00:00,12,7.409,39.8,-4.631000000000001,2.592999999999999,543.7,10918.105,3.0,5.923699999999999,2.948782,2023.7
2025-12-14 13:00:00,13,8.5808,38.8,-3.6592000000000002,3.6848,577.1,10612.91,3.0,7.314633333333333,3.3293503999999996,1966.72
2025-12-14 14:00:00,14,9.3846,38.3,-2.955399999999999,4.448600000000001,544.98,10386.475,2.0,8.458133333333333,3.5943018,1816.96
2025-12-14 15:00:00,15,9.793,38.3,-2.5470000000000006,4.856999999999998,451.6,10258.49,2.0,9.252799999999999,3.7507189999999997,1837.67
2025-12-14 16:00:00,16,9.7964,39.9,-2.2235999999999994,4.9884,306.64,10632.599999999999,3.0,9.658,3.9087636,1967.59
2025-12-14 17:00:00,17,8.9015,47.4,-1.6184999999999992,4.6935,132.58,10898.415,3.0,9.496966666666667,4.219311,2028.94
2025-12-14 18:00:00,18,7.2758,52.9,-2.1441999999999997,3.5078,9.18,10553.84,3.0,8.6579,3.8488982,1971.94
2025-12-14 19:00:00,19,6.5995,55.7,-2.2604999999999995,3.0555,0.0,10839.345000000001,3.0,7.592266666666666,3.6759215,2018.75
2025-12-14 20:00:00,20,6.1364,56.9,-2.483600000000001,2.6883999999999992,0.0,10534.15,3.0,6.670566666666666,3.4916116,1971.29
2025-12-14 21:00:00,21,5.7801,57.7,-2.679899999999999,2.3961000000000006,0.0,10504.615,2.0,6.172,3.3351177,1804.57
2025-12-14 22:00:00,22,5.443,58.6,-2.8369999999999997,2.1309999999999993,0.0,10228.955,2.0,5.786499999999999,3.1895979999999997,1811.17
2025-12-14 23:00:00,23,5.113,59.4,-3.0070000000000006,1.8649999999999998,0.0,10445.545,2.0,5.445366666666666,3.037122,1813.49
2025-12-15 00:00:00,0,4.8709,60.3,-3.0691000000000006,1.6948999999999994,0.0,10524.305,3.0,5.1423,2.9371527,1964.42
2025-12-15 01:00:00,1,4.5555,61.3,-3.1845,1.4595000000000002,0.0,10248.645,2.0,4.846466666666666,2.7925215000000003,1826.69
2025-12-15 02:00:00,2,4.2754,62.4,-3.2446,1.2674,0.0,10169.885,2.0,4.567266666666666,2.6678496000000003,1825.12
2025-12-15 03:00:00,3,4.1874,62.9,-3.2325999999999997,1.2194000000000003,0.0,10120.66,2.0,4.339433333333333,2.6338746000000004,1823.68
2025-12-15 04:00:00,4,4.0446,63.8,-3.1954000000000002,1.1485999999999996,0.0,9913.915,2.0,4.169133333333333,2.5804548,1792.12
2025-12-15 05:00:00,5,3.8354,64.8,-3.204600000000001,1.0193999999999994,0.0,10160.04,2.0,4.022466666666666,2.4853392,1823.48
2025-12-15 06:00:00,6,3.6454,65.8,-3.1946000000000008,0.9093999999999998,0.0,10396.32,2.0,3.841799999999999,2.3986731999999997,1814.93
2025-12-15 07:00:00,7,3.2933,67.3,-3.246700000000001,0.6772999999999993,0.0,10199.42,2.0,3.5913666666666657,2.2163909,1824.37
2025-12-15 08:00:00,8,3.3431,71.0,-2.4568999999999996,1.0231000000000003,6.12,9963.14,2.0,3.4272666666666662,2.3736010000000003,1793.12
2025-12-15 09:00:00,9,5.0385,65.2,-1.921499999999999,2.2545,116.1,9411.82,2.0,3.8916333333333326,3.285102,1669.38
2025-12-15 10:00:00,10,6.8139,58.8,-1.4261,3.5178999999999996,284.86,10179.73,2.0,5.065166666666666,4.0065732,1811.67
2025-12-15 11:00:00,11,8.4065,54.0,-0.7934999999999999,4.7265,427.76,10583.375,3.0,6.752966666666666,4.53951,1969.71
2025-12-15 12:00:00,12,9.9281,50.0,-0.07189999999999941,5.9281,522.32,10681.825,3.0,8.382833333333332,4.96405,1995.28
2025-12-15 13:00:00,13,11.345,46.6,0.6650000000000009,7.073,557.36,10573.529999999999,3.0,9.8932,5.286770000000001,1980.7
2025-12-15 14:00:00,14,12.511,44.6,1.4309999999999992,8.078999999999999,528.32,10927.95,3.0,11.261366666666666,5.579905999999999,2038.96
2025-12-15 15:00:00,15,13.189,43.8,1.9489999999999998,8.693,438.76,10721.205,3.0,12.348333333333331,5.776782,2012.84
2025-12-15 16:00:00,16,13.402,43.7,2.1419999999999995,8.898,298.48,10189.575,2.0,13.033999999999999,5.856674000000001,1913.09
2025-12-15 17:00:00,17,12.271,49.5,2.171000000000001,8.231000000000002,129.4,10859.035,3.0,12.953999999999999,6.074145000000001,2032.74
2025-12-15 18:00:00,18,10.81,52.6,1.33,7.018,9.12,11124.85,3.0,12.161,5.68606,2079.93
2025-12-15 19:00:00,19,10.105,55.9,1.2850000000000001,6.577,0.040039,10632.6,3.0,11.062,5.648695,1982.92
2025-12-15 20:00:00,20,9.4547,59.4,1.3346999999999998,6.2067000000000005,0.079956,11075.625,3.0,10.123233333333333,5.6160918,2064.11
2025-12-15 21:00:00,21,8.9778,62.2,1.4178000000000006,5.9538,0.0,10416.01,2.0,9.512500000000001,5.5841916000000005,1804.64
2025-12-15 22:00:00,22,8.543,64.3,1.4029999999999987,5.6869999999999985,0.0,10937.795,3.0,8.991833333333332,5.493149,2036.31
2025-12-15 23:00:00,23,8.1363,66.1,1.3562999999999992,5.4243,0.0,10868.880000000001,3.0,8.552366666666666,5.3780943,2019.69
2025-12-16 00:00:00,0,7.7562,67.6,1.2761999999999984,5.164199999999999,0.0,11006.71,3.0,8.145166666666666,5.243191199999999,2046.56
2025-12-16 01:00:00,1,7.3842,69.2,1.2242000000000006,4.9201999999999995,0.0,10878.725,3.0,7.7589,5.1098664000000005,2026.29
2025-12-16 02:00:00,2,7.087,70.7,1.2270000000000003,4.742999999999999,0.0,10770.43,3.0,7.409133333333332,5.010509,2013.25
2025-12-16 03:00:00,3,6.8213,72.1,1.241299999999999,4.589299999999999,0.0,10898.415,3.0,7.097499999999999,4.9181573,2032.66
2025-12-16 04:00:00,4,6.5197,73.6,1.2396999999999991,4.4077,0.0,10524.305,3.0,6.809333333333332,4.7984992,1961.04
2025-12-16 05:00:00,5,6.2572,74.9,1.2372000000000014,4.2492,0.0,10366.785,2.0,6.532733333333333,4.6866428,1759.29
2025-12-16 06:00:00,6,6.0209,76.3,1.2809,4.1249,0.0,10356.939999999999,2.0,6.265933333333333,4.5939467,1759.35
2025-12-16 07:00:00,7,5.8333,77.4,1.3133000000000017,4.025300000000001,0.0,10356.94,2.0,6.037133333333332,4.5149742,1765.33
2025-12-16 08:00:00,8,6.0513,79.0,1.8513000000000002,4.3713,5.88,10169.884999999998,2.0,5.9685,4.780527,1766.51
2025-12-16 09:00:00,9,7.8936,71.6,2.2135999999999987,5.621599999999999,114.72,9992.675,2.0,6.5927333333333324,5.651817599999999,1766.2
2025-12-16 10:00:00,10,9.9773,62.5,2.4772999999999996,6.9773,283.8,10219.11,2.0,7.9740666666666655,6.2358125,1858.13
2025-12-16 11:00:00,11,11.525,57.3,2.9849999999999994,8.109,356.58,11213.455,3.0,9.798633333333333,6.603825,2098.32
2025-12-16 12:00:00,12,12.564,53.9,3.3439999999999994,8.876,375.7,11262.68,3.0,11.355433333333332,6.771996000000001,2108.51
2025-12-16 13:00:00,13,13.667,51.2,3.907,9.762999999999998,397.9,11636.79,3.0,12.585333333333333,6.997504,2226.31
2025-12-16 14:00:00,14,13.991,50.0,3.9909999999999997,9.991,329.38,11745.085,3.0,13.407333333333334,6.9955,2259.92
2025-12-16 15:00:00,15,14.339,49.2,4.179,10.275,292.88,11518.650000000001,3.0,13.999,7.054788000000001,2228.64
2025-12-16 16:00:00,16,14.377,50.4,4.457000000000001,10.409,188.12,11725.395,3.0,14.235666666666667,7.246008000000001,2252.54
2025-12-16 17:00:00,17,13.185,56.3,4.445,9.689,73.76,11646.635,3.0,13.966999999999999,7.423155,2247.49
2025-12-16 18:00:00,18,11.848,60.6,3.968000000000001,8.696000000000002,8.36,11597.41,3.0,13.136666666666668,7.179888000000001,2235.45
2025-12-16 19:00:00,19,11.478,61.8,3.837999999999999,8.422,0.0,11558.03,3.0,12.170333333333332,7.093404,2222.0
2025-12-16 20:00:00,20,11.043,62.5,3.5429999999999993,8.043,0.059998,11292.215,3.0,11.456333333333333,6.901875,2123.04
2025-12-16 21:00:00,21,10.408,64.3,3.267999999999999,7.552,0.0,10819.655,3.0,10.976333333333331,6.692343999999999,2027.87
2025-12-16 22:00:00,22,9.7979,66.0,2.9979000000000005,7.0779,0.0,11498.96,3.0,10.416299999999998,6.466614000000001,2223.72
2025-12-16 23:00:00,23,9.2574,67.2,2.697400000000001,6.633400000000001,0.0,11213.455,3.0,9.8211,6.220972800000001,2101.83
2025-12-17 00:00:00,0,8.7263,68.0,2.3263,6.1663,0.0,11075.625,3.0,9.260533333333333,5.933884000000001,2072.65
2025-12-17 01:00:00,1,8.1899,68.7,1.9299,5.685899999999999,0.0,10918.105,3.0,8.724533333333333,5.6264613,2042.71
2025-12-17 02:00:00,2,7.7426,68.2,1.382600000000001,5.1986,0.0,11567.875,3.0,8.219599999999998,5.2804532,2199.92
2025-12-17 03:00:00,3,7.302,67.5,0.8019999999999996,4.702,0.0,10957.485,3.0,7.744833333333332,4.92885,2035.84
2025-12-17 04:00:00,4,6.8713,66.6,0.19129999999999825,4.199299999999999,0.0,10977.175,3.0,7.305299999999999,4.576285799999999,2037.27
2025-12-17 05:00:00,5,6.4736,66.6,-0.20640000000000125,3.8015999999999996,0.0,11075.625,3.0,6.8823,4.3114175999999995,2064.93
2025-12-17 06:00:00,6,6.0743,68.0,-0.3257000000000003,3.5143,0.0,10288.025,2.0,6.473066666666667,4.130523999999999,1780.76
2025-12-17 07:00:00,7,5.6871,71.4,-0.03289999999999882,3.3991000000000002,0.0,10297.869999999999,2.0,6.078333333333333,4.0605894000000005,1782.67
2025-12-17 08:00:00,8,5.7445,84.3,2.6045,4.4885,5.568,10967.33,3.0,5.835299999999999,4.8426135,2036.21
2025-12-17 09:00:00,9,7.1891,78.6,2.9090999999999987,5.4771,115.04,10731.05,3.0,6.2069,5.650632599999999,2023.32
2025-12-17 10:00:00,10,8.5308,68.0,2.130799999999999,5.970799999999999,285.84,10652.29,3.0,7.154799999999999,5.800943999999999,1995.93
2025-12-17 11:00:00,11,9.4623,55.4,0.5423000000000009,5.8943,431.8,10691.67,3.0,8.394066666666665,5.2421142,2003.98
2025-12-17 12:00:00,12,10.34,49.1,0.16000000000000014,6.268,529.64,10888.57,3.0,9.444366666666665,5.0769400000000005,2030.75
2025-12-17 13:00:00,13,11.187,46.8,0.5469999999999988,6.930999999999999,566.38,11085.470000000001,3.0,10.329766666666666,5.235515999999999,2067.91
2025-12-17 14:00:00,14,11.722,44.6,0.6419999999999995,7.29,538.26,11469.425,3.0,11.082999999999998,5.228012,2201.0
2025-12-17 15:00:00,15,11.874,43.1,0.49400000000000155,7.322000000000001,448.84,10563.685,3.0,11.594333333333331,5.117694,1974.91
2025-12-17 16:00:00,16,11.591,43.9,0.37099999999999866,7.102999999999999,307.76,10337.25,2.0,11.729,5.088449,1884.74
2025-12-17 17:00:00,17,10.594,48.8,0.3539999999999992,6.497999999999999,135.24,10573.529999999999,3.0,11.353,5.169871999999999,1980.7
2025-12-17 18:00:00,18,8.8122,55.4,-0.10779999999999923,5.2442,10.08,10612.91,3.0,10.3324,4.8819588000000005,1975.33
2025-12-17 19:00:00,19,8.1665,57.6,-0.3135000000000012,4.774499999999999,0.0,10120.66,2.0,9.1909,4.703904,1784.04
2025-12-17 20:00:00,20,7.6909,58.6,-0.5890999999999993,4.3789,0.02002,11292.215,3.0,8.2232,4.506867400000001,2105.01
2025-12-17 21:00:00,21,7.3397,59.2,-0.8203000000000005,4.075699999999999,0.0,10721.205,3.0,7.732366666666667,4.3451024,2002.83
2025-12-17 22:00:00,22,7.0155,59.7,-1.0444999999999984,3.7915000000000005,0.0,9815.465,2.0,7.3487,4.1882535,1735.14
2025-12-17 23:00:00,23,6.6675,60.5,-1.2325,3.5075,0.0,10416.01,2.0,7.0075666666666665,4.033837500000001,1793.67
2025-12-18 00:00:00,0,6.3207,61.4,-1.3993000000000002,3.2327,0.0,10504.615000000002,2.0,6.6678999999999995,3.8809098,1797.91
2025-12-18 01:00:00,1,6.0096,62.3,-1.530400000000001,2.993599999999999,0.0,10770.43,3.0,6.332599999999999,3.7439808,2008.76
2025-12-18 02:00:00,2,5.6857,63.1,-1.6943000000000001,2.7337,0.0,10248.645,2.0,6.005333333333333,3.5876767000000003,1802.36
2025-12-18 03:00:00,3,5.3614,63.8,-1.8786000000000005,2.4654,0.0,10593.220000000001,3.0,5.6855666666666655,3.4205731999999993,1971.57
2025-12-18 04:00:00,4,5.0392,64.5,-2.0607999999999995,2.1992000000000003,0.0,10179.73,2.0,5.362099999999999,3.250284,1816.7
2025-12-18 05:00:00,5,4.77,65.0,-2.2300000000000004,1.9699999999999993,0.0,10209.265,2.0,5.056866666666665,3.1004999999999994,1821.08
2025-12-18 06:00:00,6,4.5255,65.7,-2.3344999999999994,1.7815000000000003,0.0,10435.7,2.0,4.778233333333333,2.9732535,1816.71
2025-12-18 07:00:00,7,4.2888,66.1,-2.491200000000001,1.5767999999999995,0.0,10504.615,2.0,4.528099999999999,2.8348967999999997,1818.06
2025-12-18 08:00:00,8,4.594,62.1,-2.9859999999999998,1.5620000000000003,5.16,10337.25,2.0,4.469433333333333,2.8528740000000004,1821.31
2025-12-18 09:00:00,9,5.8381,56.7,-2.8219000000000003,2.3740999999999994,109.88,10386.474999999999,2.0,4.9069666666666665,3.3102026999999996,1825.19
2025-12-18 10:00:00,10,7.3372,51.3,-2.4028,3.4411999999999994,278.76,10258.49,2.0,5.923099999999999,3.7639835999999995,1815.91
2025-12-18 11:00:00,11,8.7495,48.5,-1.5505000000000013,4.629499999999999,423.58,10543.995,3.0,7.308266666666666,4.2435075,1970.43
2025-12-18 12:00:00,12,9.9993,47.3,-0.5407000000000011,5.7833,519.14,10721.205,3.0,8.695333333333332,4.7296689,2006.87
2025-12-18 13:00:00,13,11.16,46.7,0.5,6.896,554.34,11587.565,3.0,9.9696,5.211720000000001,2171.44
2025-12-18 14:00:00,14,11.993,46.8,1.3529999999999998,7.737,526.42,10908.26,3.0,11.050766666666666,5.612723999999999,2037.27
2025-12-18 15:00:00,15,12.537,47.2,1.977000000000002,8.313,438.16,11046.09,3.0,11.896666666666667,5.917464000000001,2067.02
2025-12-18 16:00:00,16,12.732,48.2,2.372,8.588,298.88,11144.54,3.0,12.420666666666667,6.136824000000001,2089.73
2025-12-18 17:00:00,17,11.833,53.1,2.453000000000001,8.081000000000001,130.74,11282.369999999999,3.0,12.367333333333333,6.283323,2116.05
2025-12-18 18:00:00,18,10.13,58.0,1.7300000000000004,6.7700000000000005,9.74,10701.515,3.0,11.565,5.875400000000001,2011.36
2025-12-18 19:00:00,19,9.4745,60.5,1.5745000000000005,6.314500000000001,0.0,10632.599999999999,3.0,10.479166666666666,5.7320725,1981.06
2025-12-18 20:00:00,20,8.9352,63.1,1.5552000000000001,5.9832,0.059937,10829.5,3.0,9.513233333333334,5.6381112,2019.74
2025-12-18 21:00:00,21,8.5201,65.0,1.5200999999999993,5.7200999999999995,0.0,10671.98,3.0,8.9766,5.538065,1995.86
2025-12-18 22:00:00,22,8.1949,66.2,1.4349000000000007,5.490900000000001,0.0,10612.91,3.0,8.550066666666666,5.4250238,1979.93
2025-12-18 23:00:00,23,7.9044,67.3,1.364399999999999,5.288399999999999,0.0,10878.725,3.0,8.206466666666666,5.3196612,2019.55
2025-12-19 00:00:00,0,7.6108,68.4,1.2908000000000017,5.082800000000001,0.0,10977.175,3.0,7.903366666666666,5.2057872000000005,2039.58
2025-12-19 01:00:00,1,7.2875,69.8,1.2474999999999987,4.871499999999999,0.0,10288.025,2.0,7.600899999999999,5.086675,1765.88
2025-12-19 02:00:00,2,7.0486,71.0,1.2486000000000006,4.7286,0.0,10898.415,3.0,7.315633333333333,5.004506,2034.12
2025-12-19 03:00:00,3,6.8135,72.1,1.2334999999999994,4.581499999999999,0.0,10356.939999999999,2.0,7.0498666666666665,4.9125335,1754.5
2025-12-19 04:00:00,4,6.6089,73.3,1.2688999999999995,4.472899999999999,0.0,10553.84,3.0,6.823666666666667,4.8443237,1961.36
2025-12-19 05:00:00,5,6.289,75.5,1.3889999999999993,4.329,0.0,10721.205,3.0,6.570466666666666,4.748195,2001.45
2025-12-19 06:00:00,6,6.1747,77.4,1.654700000000001,4.3667,0.0,10839.345000000001,3.0,6.357533333333333,4.7792178000000005,2016.53
2025-12-19 07:00:00,7,6.1701,79.2,2.0101000000000004,4.5061,0.0,10662.135,3.0,6.211266666666666,4.8867192,1988.57
2025-12-19 08:00:00,8,6.451,84.5,3.3509999999999995,5.210999999999999,4.68,10238.8,2.0,6.265266666666665,5.451094999999999,1764.06
2025-12-19 09:00:00,9,8.1905,78.7,3.9305000000000003,6.4865,108.16,10465.235,2.0,6.9372,6.4459235,1790.96
2025-12-19 10:00:00,10,10.563,69.7,4.503000000000001,8.139000000000001,275.92,10071.435,2.0,8.401499999999999,7.362411000000001,1884.39
2025-12-19 11:00:00,11,12.735,62.9,5.3149999999999995,9.767,419.08,10681.825,3.0,10.496166666666666,8.010314999999999,2038.36
2025-12-19 12:00:00,12,14.333,56.9,5.712999999999999,10.885,514.12,11134.695,3.0,12.543666666666667,8.155477,2086.63
2025-12-19 13:00:00,13,15.694,51.3,5.954000000000001,11.798,549.82,11272.525000000001,3.0,14.254,8.051022,2128.99
2025-12-19 14:00:00,14,16.757,46.4,6.037000000000001,12.469000000000001,522.58,11282.369999999999,3.0,15.594666666666667,7.775248,2133.14
2025-12-19 15:00:00,15,17.353,43.5,6.053000000000001,12.833000000000002,435.54,11607.255000000001,3.0,16.601333333333333,7.548555000000001,2252.79
2025-12-19 16:00:00,16,17.349,43.1,5.969000000000001,12.797,297.74,10937.795,3.0,17.153000000000002,7.477419,2043.86
2025-12-19 17:00:00,17,15.562,51.4,5.841999999999999,11.674,130.84,10524.305,3.0,16.754666666666665,7.998868,2030.58
2025-12-19 18:00:00,18,13.818,56.1,5.038,10.306,10.04,10376.630000000001,2.0,15.576333333333332,7.751898,1918.14
2025-12-19 19:00:00,19,13.163,57.6,4.683,9.771,0.039978,10278.18,2.0,14.180999999999997,7.581888,1927.51
2025-12-19 20:00:00,20,12.472,59.0,4.272,9.192,0.0,10022.21,2.0,13.150999999999998,7.358479999999999,1937.7
2025-12-19 21:00:00,21,11.73,59.1,3.5500000000000007,8.458,0.0,10494.77,2.0,12.454999999999998,6.93243,1897.65
2025-12-19 22:00:00,22,11.143,57.3,2.6029999999999998,7.727,0.0,10731.05,3.0,11.781666666666666,6.384939,2020.27
2025-12-19 23:00:00,23,10.654,55.7,1.7940000000000005,7.109999999999999,0.0,10967.33,3.0,11.175666666666665,5.934278000000001,2046.43
2025-12-20 00:00:00,0,10.225,54.7,1.165000000000001,6.601,0.0,11430.044999999998,3.0,10.674,5.593075,2170.64
2025-12-20 01:00:00,1,9.7294,54.4,0.609399999999999,6.0813999999999995,0.0,10829.5,3.0,10.202799999999998,5.2927935999999995,2021.15
2025-12-20 02:00:00,2,9.2976,54.1,0.11759999999999948,5.6255999999999995,0.0,10760.585,3.0,9.750666666666666,5.0300016,2011.36
2025-12-20 03:00:00,3,8.7789,54.7,-0.2810999999999986,5.1549000000000005,0.0,11144.54,3.0,9.268633333333332,4.802058300000001,2076.74
2025-12-20 04:00:00,4,9.2678,53.2,-0.09220000000000006,5.5238,0.0,11115.005,3.0,9.114766666666666,4.9304696,2070.16
2025-12-20 05:00:00,5,9.2857,50.9,-0.5343,5.3576999999999995,0.0,11439.89,3.0,9.110799999999998,4.7264213,2187.85
2025-12-20 06:00:00,6,9.1819,48.5,-1.1181,5.0619000000000005,0.0,11026.400000000001,3.0,9.245133333333332,4.453221500000001,2049.48
2025-12-20 07:00:00,7,8.9339,47.0,-1.6661000000000001,4.693899999999999,0.0,11065.78,3.0,9.133833333333333,4.198932999999999,2053.97
2025-12-20 08:00:00,8,8.8782,48.7,-1.3818000000000001,4.7741999999999996,3.36,11262.68,3.0,8.998,4.3236834,2087.87
2025-12-20 09:00:00,9,9.6215,45.6,-1.2584999999999997,5.269499999999999,38.04,10750.74,3.0,9.144533333333332,4.387404,2009.4
2025-12-20 10:00:00,10,10.71,38.0,-1.6899999999999995,5.75,134.88,11065.779999999999,3.0,9.736566666666667,4.0698,2051.92
2025-12-20 11:00:00,11,10.963,34.5,-2.1370000000000005,5.722999999999999,300.6,11144.54,3.0,10.4315,3.7822349999999996,2075.43
2025-12-20 12:00:00,12,11.571,33.0,-1.8290000000000006,6.210999999999999,322.0,11144.54,3.0,11.081333333333333,3.81843,2075.31
2025-12-20 13:00:00,13,11.508,33.0,-1.8920000000000012,6.147999999999998,223.38,10987.02,3.0,11.347333333333331,3.7976399999999995,2030.05
2025-12-20 14:00:00,14,11.735,31.7,-1.9250000000000007,6.270999999999999,220.94,10750.74,3.0,11.604666666666665,3.7199949999999995,2002.06
2025-12-20 15:00:00,15,12.223,29.9,-1.7969999999999988,6.615,353.6,11036.244999999999,3.0,11.821999999999997,3.654677,2044.36
2025-12-20 16:00:00,16,12.001,31.3,-1.7390000000000008,6.504999999999999,116.08,10593.220000000001,3.0,11.986333333333333,3.756313,1965.36
2025-12-20 17:00:00,17,11.229,37.3,-1.3110000000000017,6.212999999999998,65.46,10898.415,3.0,11.817666666666666,4.188416999999999,2021.88
2025-12-20 18:00:00,18,10.154,42.3,-1.386000000000001,5.537999999999999,2.7,11085.470000000001,3.0,11.128,4.295141999999999,2057.84
2025-12-20 19:00:00,19,9.4621,46.7,-1.1979000000000006,5.198099999999999,0.0,10868.880000000001,3.0,10.281699999999999,4.4188007,2013.96
2025-12-20 20:00:00,20,8.2412,55.2,-0.7187999999999999,4.6572,0.039978,10987.02,3.0,9.285766666666666,4.5491424,2032.97
2025-12-20 21:00:00,21,6.932,63.1,-0.4479999999999995,3.9800000000000004,0.0,11203.61,3.0,8.211766666666664,4.374092000000001,2097.43
2025-12-20 22:00:00,22,6.4133,67.5,-0.08670000000000044,3.8132999999999995,0.0,11085.470000000001,3.0,7.195499999999998,4.3289775,2061.08
2025-12-20 23:00:00,23,6.4366,67.8,-0.0034000000000000696,3.8606,0.0,10957.485,3.0,6.593966666666666,4.3640148,2032.0
2025-12-21 00:00:00,0,6.4796,68.6,0.19959999999999845,3.967599999999999,0.0,10780.275,3.0,6.443166666666666,4.445005599999999,2012.63
2025-12-21 01:00:00,1,6.0297,73.0,0.6296999999999997,3.8697,0.0,10868.88,3.0,6.315299999999998,4.401681,2023.5
2025-12-21 02:00:00,2,5.6745,76.1,0.894499999999999,3.7624999999999997,0.0,10455.39,2.0,6.061266666666666,4.3182944999999995,1772.83
2025-12-21 03:00:00,3,4.9466,81.2,1.1866000000000008,3.4426000000000005,0.0,10681.825,3.0,5.550266666666666,4.0166392,1999.12
2025-12-21 04:00:00,4,4.5251,83.3,1.1850999999999994,3.1891,0.0,10987.02,3.0,5.048733333333332,3.7694083000000003,2035.18
2025-12-21 05:00:00,5,4.455,83.4,1.1350000000000011,3.1270000000000007,0.0,11183.92,3.0,4.6422333333333325,3.7154700000000003,2093.58
2025-12-21 06:00:00,6,4.7803,81.9,1.1603000000000017,3.332300000000001,0.0,10445.545,2.0,4.586799999999999,3.915065700000001,1779.27
2025-12-21 07:00:00,7,4.559,83.6,1.278999999999999,3.2469999999999994,0.0,10790.119999999999,3.0,4.598099999999999,3.8113239999999995,2016.25
2025-12-21 08:00:00,8,6.1184,75.0,1.1184000000000003,4.1184,2.88,11124.849999999999,3.0,5.152566666666666,4.5888,2075.8
2025-12-21 09:00:00,9,6.57,68.7,0.3100000000000005,4.066000000000001,45.08,10799.965,3.0,5.749133333333333,4.513590000000001,2016.34
2025-12-21 10:00:00,10,7.3722,56.4,-1.3478000000000003,3.8842000000000003,131.44,10947.64,3.0,6.686866666666666,4.1579208,2035.23
2025-12-21 11:00:00,11,8.153,45.4,-2.7669999999999995,3.785,233.16,10681.825,3.0,7.365066666666666,3.7014620000000003,1993.9
2025-12-21 12:00:00,12,8.9011,39.8,-3.1389000000000014,4.085099999999999,331.68,10927.95,3.0,8.1421,3.5426377999999996,2024.27
2025-12-21 13:00:00,13,9.5546,38.1,-2.8253999999999984,4.602600000000001,426.44,10622.755000000001,3.0,8.869566666666666,3.6403026000000005,1963.55
2025-12-21 14:00:00,14,9.8601,38.0,-2.539900000000001,4.900099999999998,469.48,10780.275000000001,3.0,9.4386,3.7468379999999994,2008.68
2025-12-21 15:00:00,15,9.8172,38.2,-2.5427999999999997,4.8732,374.22,10957.485,3.0,9.743966666666665,3.7501704,2025.22
2025-12-21 16:00:00,16,9.4941,38.6,-2.7859,4.582099999999999,242.74,10701.515,3.0,9.723799999999997,3.6647226,1993.99
2025-12-21 17:00:00,17,8.8747,42.5,-2.6252999999999993,4.2747,106.76,10711.36,3.0,9.395333333333332,3.7717475,1998.42
2025-12-21 18:00:00,18,8.0323,47.9,-2.3877000000000006,3.8642999999999996,9.56,10888.57,3.0,8.800366666666664,3.8474717,2025.5
2025-12-21 19:00:00,19,7.956,52.8,-1.4840000000000009,4.18,0.02002,10671.98,3.0,8.287666666666665,4.200768,1989.04
2025-12-21 20:00:00,20,7.9052,54.2,-1.2548000000000004,4.241199999999999,0.019958,10721.205,3.0,7.964499999999998,4.2846184,2003.07
2025-12-21 21:00:00,21,7.9609,54.2,-1.1991000000000005,4.2969,0.0,10809.810000000001,3.0,7.940699999999999,4.3148078,2009.99
2025-12-21 22:00:00,22,7.6193,55.1,-1.3607000000000005,4.027299999999999,0.0,11085.47,3.0,7.828466666666665,4.1982343,2059.51
2025-12-21 23:00:00,23,7.1345,56.5,-1.5654999999999992,3.6544999999999996,0.0,10927.95,3.0,7.571566666666665,4.0309925,2028.32
2025-12-22 00:00:00,0,6.7312,57.0,-1.8687999999999994,3.2912,0.0,10583.375,3.0,7.161666666666665,3.836784,1969.89
2025-12-22 01:00:00,1,6.5974,55.8,-2.2425999999999995,3.0614,0.0,10534.150000000001,3.0,6.821033333333332,3.6813492,1967.37
2025-12-22 02:00:00,2,6.3724,56.9,-2.247600000000001,2.9243999999999994,0.0,10120.66,2.0,6.566999999999999,3.6258956,1802.42
2025-12-22 03:00:00,3,6.1978,58.3,-2.1422,2.8618,0.0,10199.42,2.0,6.389199999999998,3.6133173999999997,1808.22
2025-12-22 04:00:00,4,6.0425,59.3,-2.0975,2.7865,0.0,10169.885,2.0,6.204233333333332,3.5832025,1808.76
2025-12-22 05:00:00,5,5.8488,59.6,-2.2312000000000003,2.6167999999999996,0.0,10140.35,2.0,6.029699999999998,3.4858848,1811.99
2025-12-22 06:00:00,6,5.6755,60.2,-2.2844999999999986,2.4915000000000003,0.0,10061.59,2.0,5.855599999999998,3.4166510000000003,1806.34
2025-12-22 07:00:00,7,5.5686,61.0,-2.2314,2.4486,0.0,10347.095000000001,2.0,5.697633333333331,3.396846,1809.7
2025-12-22 08:00:00,8,4.7134,63.4,-2.6066000000000003,1.7853999999999999,1.08,10603.065,3.0,5.319166666666665,2.9882956000000003,1973.34
2025-12-22 09:00:00,9,4.979,62.6,-2.5009999999999994,1.9870000000000003,23.56,10416.01,2.0,5.086999999999999,3.116854,1822.89
2025-12-22 10:00:00,10,5.1618,62.6,-2.318199999999999,2.1698000000000004,50.32,10475.08,2.0,4.951399999999999,3.2312868000000003,1821.86
2025-12-22 11:00:00,11,5.5862,62.4,-1.9338000000000006,2.5781999999999994,122.44,10376.630000000001,2.0,5.242333333333332,3.4857888,1820.51
2025-12-22 12:00:00,12,5.6808,64.3,-1.459200000000001,2.824799999999999,122.64,10691.67,3.0,5.476266666666665,3.6527543999999996,2002.15
2025-12-22 13:00:00,13,5.8548,66.1,-0.9252000000000011,3.1427999999999994,138.14,10849.19,3.0,5.707266666666665,3.8700227999999997,2021.32
2025-12-22 14:00:00,14,6.5725,65.8,-0.26750000000000096,3.8364999999999996,218.86,11311.904999999999,3.0,6.036033333333331,4.324705,2117.44
2025-12-22 15:00:00,15,6.8968,64.4,-0.2231999999999994,4.0488,187.56,11223.3,3.0,6.4413666666666645,4.4415392,2102.33
2025-12-22 16:00:00,16,6.5907,66.9,-0.029299999999999216,3.9427000000000003,68.84,10386.475,2.0,6.686666666666665,4.409178300000001,1783.7
2025-12-22 17:00:00,17,6.2979,67.9,-0.12209999999999877,3.7299000000000007,29.26,10504.615,2.0,6.595133333333332,4.2762741,1789.03
2025-12-22 18:00:00,18,6.0638,68.4,-0.2561999999999989,3.5358,1.86,10307.715,2.0,6.317466666666665,4.1476391999999995,1783.07
2025-12-22 19:00:00,19,6.0009,68.0,-0.3991000000000007,3.440899999999999,0.0,10327.404999999999,2.0,6.1208666666666645,4.0806119999999995,1783.07
2025-12-22 20:00:00,20,5.9301,67.8,-0.5099,3.3541000000000003,0.019989,10534.15,3.0,5.998266666666665,4.0206078000000005,1972.5
2025-12-22 21:00:00,21,5.8788,67.6,-0.6012000000000013,3.286799999999999,0.0,11095.315,3.0,5.9365999999999985,3.9740687999999995,2063.47
2025-12-22 22:00:00,22,5.7568,69.2,-0.4031999999999991,3.2928,0.0,10888.57,3.0,5.855233333333332,3.9837056,2025.85
2025-12-22 23:00:00,23,5.6995,71.0,-0.10050000000000026,3.3794999999999997,0.0,11105.16,3.0,5.778366666666664,4.046645,2069.95
2025-12-23 00:00:00,0,5.7131,72.2,0.15310000000000024,3.4891,0.0,10868.880000000001,3.0,5.723133333333332,4.1248582,2022.72
2025-12-23 01:00:00,1,5.5341,76.6,0.8540999999999981,3.662099999999999,0.0,10799.965,3.0,5.648899999999998,4.2391206,2017.79
2025-12-23 02:00:00,2,5.4467,80.1,1.4666999999999986,3.8546999999999993,0.0,11026.400000000001,3.0,5.56463333333333,4.3628067,2050.66
2025-12-23 03:00:00,3,5.6794,79.1,1.4993999999999987,4.0074,0.0,11055.935000000001,3.0,5.553399999999999,4.4924054,2057.05
2025-12-23 04:00:00,4,5.6438,80.5,1.7437999999999998,4.0838,0.0,11213.455,3.0,5.589966666666665,4.543259,2099.72
2025-12-23 05:00:00,5,5.3345,83.1,1.954499999999999,3.9824999999999995,0.0,10701.515,3.0,5.552566666666665,4.4329695,2003.03
2025-12-23 06:00:00,6,4.9153,85.9,2.0953000000000013,3.7873000000000006,0.0,10681.825,3.0,5.297866666666665,4.222242700000001,2000.86
2025-12-23 07:00:00,7,5.0145,86.3,2.2744999999999993,3.9184999999999994,0.0,10819.654999999999,3.0,5.088099999999998,4.3275135,2018.27
2025-12-23 08:00:00,8,4.4381,86.2,1.678100000000001,3.3341000000000007,3.84,10868.880000000001,3.0,4.789299999999998,3.8256422000000003,2026.88
2025-12-23 09:00:00,9,6.0796,77.0,1.4796000000000005,4.2396,76.42,10603.065,3.0,5.177399999999999,4.681292,1966.93
2025-12-23 10:00:00,10,7.1607,68.1,0.7806999999999995,4.6087,140.94,9913.915,2.0,5.8927999999999985,4.8764367,1745.56
2025-12-23 11:00:00,11,8.9899,55.2,0.02990000000000137,5.4059,384.56,10406.165,2.0,7.4100666666666655,4.962424800000001,1798.15
2025-12-23 12:00:00,12,8.6631,57.3,0.1230999999999991,5.247099999999999,196.96,10425.855,2.0,8.271233333333333,4.9639562999999995,1787.68
2025-12-23 13:00:00,13,10.133,43.9,-1.0870000000000015,5.644999999999999,436.52,10593.220000000001,3.0,9.261999999999999,4.448386999999999,1964.66
2025-12-23 14:00:00,14,10.851,36.9,-1.7690000000000001,5.803,416.28,11026.4,3.0,9.882366666666664,4.004019,2042.8
2025-12-23 15:00:00,15,10.93,34.0,-2.2699999999999996,5.65,381.92,9638.255,2.0,10.637999999999998,3.7162,1785.17
2025-12-23 16:00:00,16,10.591,35.2,-2.3689999999999998,5.407,305.88,10642.445,3.0,10.790666666666665,3.7280320000000002,1966.62
2025-12-23 17:00:00,17,9.6144,40.9,-2.2056000000000004,4.886399999999999,133.18,10553.84,3.0,10.378466666666665,3.9322896,1961.05
2025-12-23 18:00:00,18,8.4066,43.9,-2.8134000000000015,3.9185999999999988,11.1,10543.994999999999,3.0,9.537333333333331,3.6904973999999995,1962.0
2025-12-23 19:00:00,19,8.3538,45.3,-2.5862000000000016,3.977799999999999,0.12,10632.6,3.0,8.791599999999997,3.7842713999999997,1972.28
2025-12-23 20:00:00,20,8.0742,47.3,-2.4658000000000015,3.8581999999999987,0.0,10691.67,3.0,8.278199999999998,3.8190966,1991.23
2025-12-23 21:00:00,21,7.9488,48.1,-2.4311999999999987,3.7968000000000006,0.0,10642.445,3.0,8.125599999999999,3.8233728,1978.72
2025-12-23 22:00:00,22,7.6986,48.8,-2.5414000000000003,3.6026,0.0,10721.205000000002,3.0,7.907199999999999,3.7569167999999995,2002.82
2025-12-23 23:00:00,23,7.4272,49.1,-2.7527999999999997,3.3552,0.0,10918.105,3.0,7.691533333333332,3.6467552,2025.49
2025-12-24 00:00:00,0,7.1261,49.5,-2.9738999999999995,3.0861,0.0,11095.315,3.0,7.417299999999998,3.5274195,2063.0
2025-12-24 01:00:00,1,6.6643,50.3,-3.2757000000000014,2.688299999999999,0.0,10337.25,2.0,7.0725333333333325,3.3521428999999996,1829.8
2025-12-24 02:00:00,2,6.5342,51.1,-3.245799999999999,2.6222000000000003,0.0,10475.08,2.0,6.774866666666665,3.3389762000000003,1814.8
2025-12-24 03:00:00,3,6.2142,55.6,-2.665799999999999,2.6622,0.0,10937.795,3.0,6.470899999999998,3.4550952,2026.86
2025-12-24 04:00:00,4,6.1731,56.5,-2.5268999999999995,2.6931,0.0,10228.955,2.0,6.307166666666665,3.4878014999999998,1803.36
2025-12-24 05:00:00,5,5.9681,56.7,-2.6919000000000004,2.5040999999999998,0.0,10967.33,3.0,6.118466666666666,3.3839127,2029.11
2025-12-24 06:00:00,6,5.6275,57.6,-2.8525,2.2355,0.0,10593.220000000001,3.0,5.9228999999999985,3.24144,1971.31
2025-12-24 07:00:00,7,5.1823,61.1,-2.5976999999999997,2.0702999999999996,0.0,10790.119999999999,3.0,5.592633333333332,3.1663853,2010.59
2025-12-24 08:00:00,8,5.214,52.7,-4.245999999999999,1.4300000000000006,1.68,10908.26,3.0,5.341266666666665,2.7477780000000003,2030.0
2025-12-24 09:00:00,9,5.8287,49.7,-4.231299999999998,1.8047000000000006,51.08,10740.895,3.0,5.408333333333331,2.8968639,2009.31
2025-12-24 10:00:00,10,6.6035,48.0,-3.7965,2.4435,185.2,10888.57,3.0,5.882066666666666,3.16968,2027.87
2025-12-24 11:00:00,11,7.6081,45.9,-3.2119,3.2801,316.98,10563.685,3.0,6.680099999999999,3.4921179,1968.84
2025-12-24 12:00:00,12,8.2839,43.6,-2.9961,3.771899999999999,341.06,10061.59,2.0,7.498499999999997,3.6117803999999993,1806.88
2025-12-24 13:00:00,13,8.9399,40.8,-2.9001,4.203899999999999,340.58,10100.970000000001,2.0,8.277299999999999,3.6474792,1819.51
2025-12-24 14:00:00,14,9.8084,37.9,-2.6115999999999993,4.840400000000001,361.46,10337.25,2.0,9.010733333333333,3.7173836,1839.73
2025-12-24 15:00:00,15,10.402,36.0,-2.3980000000000015,5.281999999999998,343.94,10465.235,2.0,9.716766666666665,3.7447199999999996,1844.53
2025-12-24 16:00:00,16,10.491,36.4,-2.229000000000001,5.403,183.58,10819.655,3.0,10.233799999999997,3.8187239999999996,2004.42
2025-12-24 17:00:00,17,9.9193,41.3,-1.8207000000000004,5.2233,100.14,10543.994999999999,3.0,10.270766666666665,4.0966708999999994,1963.79
2025-12-24 18:00:00,18,8.6284,44.6,-2.451600000000001,4.196399999999999,11.14,10622.755000000001,3.0,9.679566666666664,3.8482664,1971.09
2025-12-24 19:00:00,19,8.1512,45.9,-2.668800000000001,3.8231999999999986,0.0,10268.335,2.0,8.89963333333333,3.7414007999999996,1802.71
2025-12-24 20:00:00,20,7.6599,47.0,-2.9400999999999993,3.4199,0.080017,10790.119999999999,3.0,8.146499999999998,3.600153,2009.74
2025-12-24 21:00:00,21,7.0742,47.2,-3.4857999999999985,2.8502,0.0,10809.81,3.0,7.628433333333331,3.3390224,2009.4
2025-12-24 22:00:00,22,6.5175,48.4,-3.8025,2.3895,0.0,10317.560000000001,2.0,7.083866666666665,3.15447,1813.43
2025-12-24 23:00:00,23,6.0065,49.0,-4.193499999999999,1.9265,0.0,10780.275,3.0,6.532733333333332,2.9431849999999997,2003.85
2025-12-25 00:00:00,0,5.8571,47.3,-4.682900000000001,1.6410999999999993,0.0,10967.33,3.0,6.127033333333331,2.7704082999999997,2027.97
2025-12-25 01:00:00,1,5.5957,46.5,-5.104299999999999,1.3157,0.0,11055.935000000001,3.0,5.819766666666665,2.6020005,2047.09
2025-12-25 02:00:00,2,5.2361,46.2,-5.523899999999999,0.9321000000000006,0.0,10790.119999999999,3.0,5.562966666666665,2.4190782000000004,2005.5
2025-12-25 03:00:00,3,4.9235,48.7,-5.3365,0.8194999999999997,0.0,10780.275,3.0,5.251766666666665,2.3977445,2008.15
2025-12-25 04:00:00,4,4.7784,51.5,-4.921599999999999,0.8984000000000005,0.0,10780.275,3.0,4.979333333333332,2.4608760000000003,2009.5
2025-12-25 05:00:00,5,3.8694,54.2,-5.2905999999999995,0.20540000000000003,0.0,10376.630000000001,2.0,4.523766666666665,2.0972148,1821.52
2025-12-25 06:00:00,6,3.3688,56.4,-5.3512,-0.1192000000000002,0.0,10632.599999999999,3.0,4.005533333333332,1.9000031999999998,1974.95
2025-12-25 07:00:00,7,2.9285,58.3,-5.4115,-0.4075,0.0,10219.11,2.0,3.3888999999999982,1.7073155,1826.13
2025-12-25 08:00:00,8,2.6174,57.3,-5.922600000000001,-0.7986000000000006,3.84,10258.49,2.0,2.9715666666666647,1.4997701999999997,1819.8
2025-12-25 09:00:00,9,4.2784,52.3,-5.2616000000000005,0.4623999999999997,111.16,10150.195,2.0,3.2747666666666646,2.2376032,1842.07
2025-12-25 10:00:00,10,5.925,46.2,-4.835,1.6209999999999996,290.64,9845.0,2.0,4.273599999999998,2.73735,1805.45
2025-12-25 11:00:00,11,7.2088,41.6,-4.4712,2.5368000000000004,443.42,10475.08,2.0,5.804066666666665,2.9988608,1836.04
2025-12-25 12:00:00,12,8.2469,35.2,-4.713099999999999,3.0629,545.66,10927.95,3.0,7.126899999999998,2.9029088,2020.95
2025-12-25 13:00:00,13,8.9373,27.5,-5.5626999999999995,3.1373,586.82,10987.02,3.0,8.130999999999998,2.4577575,2025.78
2025-12-25 14:00:00,14,9.2627,24.8,-5.7773,3.2466999999999997,562.94,10859.035,3.0,8.81563333333333,2.2971496,2010.73
2025-12-25 15:00:00,15,9.2751,24.1,-5.904900000000001,3.203099999999999,474.98,9884.380000000001,2.0,9.158366666666664,2.2352991,1842.86
2025-12-25 16:00:00,16,8.9004,25.5,-5.999600000000001,2.940399999999999,332.42,10809.810000000001,3.0,9.146066666666664,2.269602,2003.55
2025-12-25 17:00:00,17,7.9059,32.9,-5.514099999999998,2.5379,154.94,11134.695,3.0,8.693799999999998,2.6010410999999998,2073.76
2025-12-25 18:00:00,18,6.0751,41.5,-5.624899999999999,1.3951000000000002,14.22,10307.715,2.0,7.62713333333333,2.5211665,1817.29
2025-12-25 19:00:00,19,5.1842,44.2,-5.9758000000000004,0.7201999999999993,0.040039,10563.685,3.0,6.388399999999997,2.2914164,1963.35
2025-12-25 20:00:00,20,4.5003,45.6,-6.379699999999999,0.14830000000000032,0.0,10671.98,3.0,5.253199999999998,2.0521368,1986.56
2025-12-25 21:00:00,21,4.2189,46.1,-6.5611,-0.09310000000000018,0.0,10603.065,3.0,4.634466666666664,1.9449128999999998,1972.3
2025-12-25 22:00:00,22,4.0993,46.4,-6.6207,-0.18869999999999987,0.0,10061.59,2.0,4.272833333333331,1.9020752,1805.05
2025-12-25 23:00:00,23,4.0461,47.0,-6.5539,-0.19390000000000018,0.0,10543.994999999999,3.0,4.121433333333331,1.901667,1969.03
2025-12-26 00:00:00,0,4.0385,47.3,-6.501500000000001,-0.17750000000000066,0.0,10268.335,2.0,4.061299999999998,1.9102104999999998,1841.24
2025-12-26 01:00:00,1,3.2633,49.2,-6.8967,-0.8007,0.0,10238.8,2.0,3.7826333333333313,1.6055436,1842.31
2025-12-26 02:00:00,2,3.576,49.6,-6.504,-0.45599999999999996,0.0,10150.195,2.0,3.625933333333331,1.7736960000000002,1828.63
2025-12-26 03:00:00,3,3.3783,50.8,-6.4617,-0.5577000000000005,0.0,10120.66,2.0,3.4058666666666646,1.7161764,1827.0
2025-12-26 04:00:00,4,2.5372,54.3,-6.6028,-1.1188000000000005,0.0,10248.645,2.0,3.163833333333331,1.3776996,1820.28
2025-12-26 05:00:00,5,2.1656,56.2,-6.5944,-1.3384000000000003,0.0,10199.42,2.0,2.6936999999999975,1.2170672,1819.08
2025-12-26 06:00:00,6,2.1328,57.3,-6.407200000000001,-1.2832000000000008,0.0,10061.59,2.0,2.2785333333333306,1.2220944,1811.17
2025-12-26 07:00:00,7,1.6935,58.9,-6.5265,-1.5945000000000003,0.0,9864.69,2.0,1.9972999999999974,0.9974715000000001,1785.37
2025-12-26 08:00:00,8,1.8247,58.0,-6.5753,-1.5353000000000003,3.48,9677.635,2.0,1.8836666666666642,1.058326,1746.73
2025-12-26 09:00:00,9,3.1548,53.2,-6.2052,-0.5892,101.46,10140.35,2.0,2.224333333333331,1.6783536000000001,1841.52
2025-12-26 10:00:00,10,4.5477,48.0,-5.8523000000000005,0.3876999999999997,277.1,9136.16,2.0,3.1757333333333304,2.182896,1671.53
2025-12-26 11:00:00,11,5.6763,44.6,-5.4037,1.2443,426.52,10140.35,2.0,4.459599999999997,2.5316298,1835.35
2025-12-26 12:00:00,12,6.629,42.0,-4.971,1.9889999999999992,526.28,10288.025,2.0,5.617666666666664,2.78418,1828.08
2025-12-26 13:00:00,13,7.4256,40.0,-4.5744,2.6255999999999995,566.04,10081.28,2.0,6.576966666666664,2.97024,1824.31
2025-12-26 14:00:00,14,8.0546,38.5,-4.2454,3.1346000000000003,541.72,10543.995,3.0,7.369733333333332,3.1010210000000002,1960.69
2025-12-26 15:00:00,15,8.4014,37.7,-4.058599999999998,3.4174000000000007,455.5,10386.474999999999,2.0,7.960533333333331,3.1673278000000007,1829.34
2025-12-26 16:00:00,16,8.4612,37.8,-3.9788000000000014,3.485199999999999,316.46,10524.305,3.0,8.30573333333333,3.1983335999999998,1956.18
2025-12-26 17:00:00,17,8.0133,40.9,-3.806700000000001,3.2852999999999994,145.56,10967.33,3.0,8.291966666666665,3.2774396999999995,2028.42
2025-12-26 18:00:00,18,6.5945,46.2,-4.1655,2.2904999999999998,13.68,10288.025,2.0,7.689666666666663,3.046659,1816.46
2025-12-26 19:00:00,19,6.0995,47.9,-4.3205,1.9314999999999998,0.099976,10209.265,2.0,6.902433333333331,2.9216604999999998,1820.12
2025-12-26 20:00:00,20,5.6886,49.1,-4.4914,1.6166,0.0,10543.994999999999,3.0,6.127533333333331,2.7931026,1970.98
2025-12-26 21:00:00,21,5.3103,50.3,-4.6297000000000015,1.3342999999999992,0.0,10366.785,2.0,5.699466666666663,2.6710808999999993,1817.15
2025-12-26 22:00:00,22,4.924,51.9,-4.696000000000001,1.0759999999999998,0.0,10297.869999999999,2.0,5.307633333333332,2.555556,1812.96
2025-12-26 23:00:00,23,4.5234,53.9,-4.696600000000001,0.8353999999999993,0.0,10002.52,2.0,4.919233333333331,2.4381125999999997,1805.71
2025-12-27 00:00:00,0,4.1533,55.7,-4.7067,0.6093,0.0,10219.11,2.0,4.5335666666666645,2.3133881,1835.37
2025-12-27 01:00:00,1,3.7631,57.8,-4.676900000000002,0.38709999999999933,0.0,10258.49,2.0,4.146599999999998,2.1750718,1827.94
2025-12-27 02:00:00,2,3.5957,59.1,-4.5843,0.32369999999999965,0.0,10642.445,3.0,3.8373666666666644,2.1250587,1978.05
2025-12-27 03:00:00,3,3.2615,60.6,-4.6185,0.10949999999999971,0.0,9894.225,2.0,3.5400999999999976,1.9764689999999998,1787.55
2025-12-27 04:00:00,4,2.979,62.0,-4.6209999999999996,-0.06099999999999972,0.0,10366.785,2.0,3.278733333333331,1.84698,1816.95
2025-12-27 05:00:00,5,2.7416,63.3,-4.598400000000001,-0.19440000000000035,0.0,9963.14,2.0,2.9940333333333307,1.7354327999999999,1795.5
2025-12-27 06:00:00,6,2.5429,64.6,-4.537100000000001,-0.28910000000000036,0.0,9992.675,2.0,2.754499999999998,1.6427133999999999,1808.52
2025-12-27 07:00:00,7,2.3805,65.5,-4.519500000000001,-0.3795000000000004,0.0,10209.265,2.0,2.554999999999998,1.5592275,1825.82
2025-12-27 08:00:00,8,2.3211,69.0,-3.8789000000000002,-0.15890000000000026,3.24,10071.435,2.0,2.414833333333331,1.601559,1820.62
2025-12-27 09:00:00,9,4.0544,62.9,-3.3655999999999997,1.0864000000000003,103.82,10081.279999999999,2.0,2.9186666666666645,2.5502176,1832.92
2025-12-27 10:00:00,10,6.0878,55.6,-2.7921999999999993,2.5358,278.06,10731.05,3.0,4.154433333333331,3.3848168,2008.55
2025-12-27 11:00:00,11,7.881,50.7,-1.9789999999999992,3.9370000000000003,427.76,10219.11,2.0,6.007733333333331,3.995667,1811.56
2025-12-27 12:00:00,12,9.5462,47.1,-1.0337999999999994,5.3142000000000005,528.84,10425.855,2.0,7.838333333333331,4.4962602,1804.66
2025-12-27 13:00:00,13,10.946,44.7,-0.11399999999999899,6.522,569.32,10711.36,3.0,9.45773333333333,4.892862,2000.0
2025-12-27 14:00:00,14,11.85,42.9,0.4299999999999997,7.281999999999999,545.36,11361.130000000001,3.0,10.78073333333333,5.08365,2132.79
2025-12-27 15:00:00,15,12.19,42.1,0.6099999999999994,7.557999999999999,424.58,11321.75,3.0,11.661999999999997,5.131989999999999,2119.91
2025-12-27 16:00:00,16,12.253,42.2,0.6930000000000014,7.6290000000000004,304.9,11370.974999999999,3.0,12.097666666666663,5.1707659999999995,2132.48
2025-12-27 17:00:00,17,11.388,48.0,0.9879999999999995,7.228,141.42,10888.57,3.0,11.943666666666664,5.46624,2035.09
2025-12-27 18:00:00,18,9.7831,52.2,0.22310000000000052,5.959099999999999,14.22,10829.5,3.0,11.141366666666665,5.1067782,2021.63
2025-12-27 19:00:00,19,9.251,54.3,0.11099999999999888,5.594999999999999,0.0,10967.33,3.0,10.140699999999997,5.023292999999999,2034.09
2025-12-27 20:00:00,20,8.7701,56.0,-0.02990000000000137,5.250099999999999,0.019958,10238.8,2.0,9.268066666666664,4.911256,1796.79
2025-12-27 21:00:00,21,8.0152,58.7,-0.24479999999999968,4.7112,0.0,10524.305,3.0,8.678766666666663,4.7049224,1964.14
2025-12-27 22:00:00,22,7.6143,60.5,-0.2857000000000003,4.4543,0.0,10130.505,2.0,8.133199999999997,4.6066515,1773.45
2025-12-27 23:00:00,23,7.1202,62.7,-0.33979999999999944,4.1362,0.0,10209.265,2.0,7.5832333333333315,4.4643654,1782.38
2025-12-28 00:00:00,0,6.5479,65.5,-0.3521000000000001,3.7879,0.0,10563.685000000001,3.0,7.094133333333331,4.2888745,1968.0
2025-12-28 01:00:00,1,6.1071,67.7,-0.3528999999999991,3.5231,0.0,10671.98,3.0,6.59173333333333,4.1345067,1993.54
2025-12-28 02:00:00,2,5.7658,69.5,-0.33420000000000005,3.3257999999999996,0.0,10386.475,2.0,6.1402666666666645,4.007231,1785.96
2025-12-28 03:00:00,3,5.3911,70.8,-0.44890000000000096,3.0550999999999995,0.0,9874.535,2.0,5.754666666666664,3.8168987999999997,1748.21
2025-12-28 04:00:00,4,5.07,71.9,-0.5499999999999989,2.8220000000000005,0.0,10100.970000000001,2.0,5.4089666666666645,3.645330000000001,1800.88
2025-12-28 05:00:00,5,4.7884,73.1,-0.5916000000000006,2.6363999999999996,0.0,6162.97,1.0,5.083166666666664,3.5003204,1347.59
2025-12-28 06:00:00,6,4.5393,74.0,-0.6607000000000003,2.4592999999999994,0.0,6763.515,1.0,4.799233333333331,3.3590819999999995,1403.71
2025-12-28 07:00:00,7,4.3112,75.1,-0.668800000000001,2.3192,0.0,6822.585,1.0,4.546299999999998,3.2377112,1402.22
2025-12-28 08:00:00,8,4.277,78.1,-0.10300000000000065,2.5249999999999995,3.12,6674.91,1.0,4.375833333333332,3.340337,1387.92
2025-12-28 09:00:00,9,5.8652,71.5,0.16519999999999957,3.5851999999999995,100.44,0.0,1.0,4.817799999999997,4.193618,140.48
2025-12-28 10:00:00,10,7.5619,64.4,0.4419000000000004,4.7139,272.52,7629.875,2.0,5.901366666666664,4.8698635999999995,1604.45
2025-12-28 11:00:00,11,9.1694,59.0,0.9694000000000003,5.889399999999999,421.44,14078.349999999999,4.0,7.532166666666664,5.409946,2861.79
2025-12-28 12:00:00,12,10.646,55.2,1.6860000000000017,7.062000000000001,522.96,10632.599999999999,3.0,9.125766666666665,5.8765920000000005,1985.73
2025-12-28 13:00:00,13,12.03,52.0,2.4299999999999997,8.19,564.54,10160.04,2.0,10.61513333333333,6.255599999999999,1909.66
2025-12-28 14:00:00,14,13.252,49.0,3.0520000000000014,9.172,542.1,10524.305,3.0,11.975999999999999,6.493480000000001,2007.88
2025-12-28 15:00:00,15,14.059,46.8,3.4189999999999987,9.802999999999999,456.68,10307.715,2.0,13.113666666666665,6.579612,1906.35
2025-12-28 16:00:00,16,14.387,45.9,3.567,10.059,318.28,10386.474999999999,2.0,13.899333333333331,6.603632999999999,1898.63
2025-12-28 17:00:00,17,13.412,50.9,3.5920000000000005,9.484,149.04,14826.57,4.0,13.952666666666664,6.826708,2941.89
2025-12-28 18:00:00,18,11.774,54.4,2.653999999999998,8.125999999999998,14.88,11538.34,3.0,13.190999999999997,6.405055999999999,2202.19
2025-12-28 19:00:00,19,11.095,57.0,2.495000000000001,7.655,0.02002,11065.779999999999,3.0,12.093666666666664,6.32415,2072.03
2025-12-28 20:00:00,20,10.482,59.9,2.4619999999999997,7.273999999999999,0.0,10957.485,3.0,11.116999999999997,6.278717999999999,2043.27
2025-12-28 21:00:00,21,9.8981,62.8,2.458099999999999,6.922099999999999,0.0,10632.599999999999,3.0,10.491699999999996,6.216006799999999,1992.7
2025-12-28 22:00:00,22,9.4196,65.1,2.4395999999999995,6.6276,0.0,10652.29,3.0,9.933233333333332,6.1321596,1993.67
2025-12-28 23:00:00,23,8.9488,66.9,2.328800000000001,6.300800000000001,0.0,11213.455,3.0,9.422166666666664,5.986747200000001,2102.3
2025-12-29 00:00:00,0,8.4745,68.7,2.214500000000001,5.970500000000001,0.0,10868.880000000001,3.0,8.94763333333333,5.821981500000001,2031.37
2025-12-29 01:00:00,1,8.0509,70.3,2.1109,5.6749,0.0,11134.695,3.0,8.491399999999997,5.659782699999999,2081.41
2025-12-29 02:00:00,2,7.7598,71.5,2.0598,5.4798,0.0,10908.26,3.0,8.095066666666666,5.5482569999999996,2040.79
2025-12-29 03:00:00,3,7.4704,72.3,1.9303999999999988,5.2543999999999995,0.0,10603.065,3.0,7.760366666666665,5.4010992,1975.43
2025-12-29 04:00:00,4,7.1971,73.1,1.817099999999999,5.0451,0.0,10780.275000000001,3.0,7.475766666666664,5.261080099999999,2018.96
2025-12-29 05:00:00,5,7.0562,73.8,1.8161999999999994,4.9601999999999995,0.0,10366.785,2.0,7.241233333333331,5.207475599999999,1756.48
2025-12-29 06:00:00,6,6.8463,74.5,1.7463000000000006,4.8063,0.0,10524.305,3.0,7.033199999999997,5.1004935,1966.64
2025-12-29 07:00:00,7,6.551,75.5,1.6509999999999998,4.591,0.0,10790.119999999999,3.0,6.817833333333332,4.946005,2014.34
2025-12-29 08:00:00,8,6.0259,74.4,0.9059000000000008,3.9779,3.0,10563.685,3.0,6.474399999999998,4.483269600000001,1966.4
2025-12-29 09:00:00,9,7.619,68.3,1.278999999999999,5.082999999999999,86.22,10130.505000000001,2.0,6.731966666666665,5.203777,1780.07
2025-12-29 10:00:00,10,9.1515,61.6,1.4715000000000007,6.0795,220.58,10347.095000000001,2.0,7.598799999999997,5.637324,1799.16
2025-12-29 11:00:00,11,10.765,55.9,1.9450000000000003,7.237000000000001,402.7,10740.895,3.0,9.178499999999998,6.017635,2027.66
2025-12-29 12:00:00,12,11.786,51.8,2.145999999999999,7.929999999999999,449.14,10632.6,3.0,10.567499999999997,6.105147999999999,1995.25
2025-12-29 13:00:00,13,12.639,46.9,2.0189999999999984,8.390999999999998,517.16,10790.12,3.0,11.729999999999997,5.927690999999999,2030.02
2025-12-29 14:00:00,14,13.191,41.8,1.5510000000000002,8.535,427.32,10701.515,3.0,12.538666666666664,5.513838,2008.54
2025-12-29 15:00:00,15,13.535,39.7,1.4750000000000014,8.711,394.52,10799.965,3.0,13.121666666666664,5.373395,2018.7
2025-12-29 16:00:00,16,13.314,43.1,1.934000000000001,8.762,262.08,10100.970000000001,2.0,13.346666666666664,5.738334,1907.64
2025-12-29 17:00:00,17,12.518,50.9,2.6980000000000004,8.59,136.54,9480.735,2.0,13.12233333333333,6.371662,1832.69
2025-12-29 18:00:00,18,10.772,58.4,2.452,7.444,15.34,9795.775,2.0,12.20133333333333,6.2908479999999996,1844.45
2025-12-29 19:00:00,19,10.015,61.2,2.255000000000001,6.9110000000000005,0.02002,10878.724999999999,3.0,11.101666666666665,6.129180000000002,2031.8
2025-12-29 20:00:00,20,9.4647,60.7,1.6047000000000011,6.3207,0.0,10425.855,2.0,10.083899999999998,5.7450729,1816.13
2025-12-29 21:00:00,21,8.663,56.9,0.04299999999999926,5.215,0.0,10760.585,3.0,9.380899999999999,4.929247,2003.96
2025-12-29 22:00:00,22,7.8689,51.9,-1.751100000000001,4.020899999999999,0.0,10465.235,2.0,8.66553333333333,4.0839591,1791.46
2025-12-29 23:00:00,23,7.3321,50.9,-2.4879000000000007,3.4040999999999997,0.0,10583.375,3.0,7.9546666666666646,3.7320388999999996,1974.88
2025-12-30 00:00:00,0,6.8562,51.9,-2.7638000000000007,3.0081999999999995,0.0,9864.69,2.0,7.3523999999999985,3.5583678000000005,1771.82
2025-12-30 01:00:00,1,6.4905,52.4,-3.0294999999999996,2.6825,0.0,9845.0,2.0,6.892933333333331,3.4010219999999998,1780.07
2025-12-30 02:00:00,2,6.1274,52.3,-3.412600000000001,2.311399999999999,0.0,10051.744999999999,2.0,6.491366666666664,3.2046301999999995,1811.91
2025-12-30 03:00:00,3,5.7964,52.2,-3.7635999999999985,1.9724000000000006,0.0,10307.715,2.0,6.138099999999998,3.0257208,1823.28
2025-12-30 04:00:00,4,5.429,52.8,-4.011000000000001,1.6529999999999996,0.0,10455.39,2.0,5.784266666666664,2.866512,1821.34
2025-12-30 05:00:00,5,5.1905,52.8,-4.249500000000001,1.4144999999999994,0.0,10386.475,2.0,5.471966666666664,2.740584,1821.16
2025-12-30 06:00:00,6,5.0037,53.0,-4.3963,1.2436999999999998,0.0,10416.01,2.0,5.207733333333331,2.651961,1822.83
2025-12-30 07:00:00,7,4.8369,53.2,-4.5230999999999995,1.0928999999999998,0.0,10514.46,3.0,5.010366666666665,2.5732308,1966.69
2025-12-30 08:00:00,8,4.7133,54.6,-4.3667,1.0813000000000001,3.0,10307.715,2.0,4.851299999999998,2.5734618,1821.93
2025-12-30 09:00:00,9,6.1316,50.0,-3.8684000000000003,2.1315999999999993,63.94,10396.32,2.0,5.227266666666664,3.0658,1836.89
2025-12-30 10:00:00,10,7.2319,45.8,-3.6080999999999994,2.8959000000000006,134.66,10347.095000000001,2.0,6.025599999999997,3.3122102,1830.27
2025-12-30 11:00:00,11,7.9864,42.4,-3.5336,3.3783999999999996,181.56,10396.32,2.0,7.11663333333333,3.3862335999999997,1824.05
2025-12-30 12:00:00,12,9.0636,38.0,-3.336400000000001,4.103599999999998,319.6,11144.54,3.0,8.093966666666665,3.4441679999999995,2075.52
2025-12-30 13:00:00,13,9.7683,35.9,-3.0516999999999985,4.6403,328.14,10809.810000000001,3.0,8.939433333333332,3.5068197,2007.77
2025-12-30 14:00:00,14,9.9736,35.2,-2.9863999999999997,4.789599999999999,248.9,11134.695,3.0,9.601833333333332,3.5107072,2073.74
2025-12-30 15:00:00,15,9.8862,35.7,-2.973799999999999,4.7422,166.02,10849.19,3.0,9.87603333333333,3.5293734000000008,2010.04
2025-12-30 16:00:00,16,9.96,36.0,-2.84,4.84,192.82,9746.55,2.0,9.93993333333333,3.585600000000001,1780.56
2025-12-30 17:00:00,17,9.3009,39.8,-2.7391000000000005,4.4849,101.18,9520.115,2.0,9.715699999999998,3.7017582,1731.36
2025-12-30 18:00:00,18,8.0685,44.5,-3.0314999999999994,3.6285,13.98,11174.075,3.0,9.109799999999998,3.5904825,2082.89
2025-12-30 19:00:00,19,7.5437,46.8,-3.0963000000000003,3.2877,0.0,10819.654999999999,3.0,8.304366666666665,3.5304516,2009.3
2025-12-30 20:00:00,20,7.0154,50.1,-2.964600000000001,3.0233999999999988,0.0,10701.515,3.0,7.542533333333331,3.5147154,2002.63
2025-12-30 21:00:00,21,7.6255,50.6,-2.2544999999999993,3.6734999999999998,0.0,10780.275,3.0,7.3948666666666645,3.8585030000000002,2010.69
2025-12-30 22:00:00,22,7.6342,54.6,-1.4458000000000002,4.0022,0.0,10553.84,3.0,7.425033333333331,4.1682732,1970.1
2025-12-30 23:00:00,23,7.0245,61.4,-0.6955000000000009,3.936499999999999,0.0,10878.725,3.0,7.4280666666666635,4.3130429999999995,2023.37
