temperature,ssrd,pres,RH,time
6.1774,0.0,985.16,44.5,2025-11-27 00:00:00
5.5635,0.0,984.44,47.6,2025-11-27 01:00:00
5.1701,0.0,983.82,49.5,2025-11-27 02:00:00
4.897,0.0,983.12,51.5,2025-11-27 03:00:00
4.602,0.0,982.4,53.5,2025-11-27 04:00:00
4.3674,0.0,982.07,55.3,2025-11-27 05:00:00
4.0692,0.0,981.98,57.2,2025-11-27 06:00:00
3.8321,0.0,982.09,58.8,2025-11-27 07:00:00
5.036,20.16,982.03,62.0,2025-11-27 08:00:00
7.1581,169.92,981.85,55.9,2025-11-27 09:00:00
9.0396,348.64,981.73,50.2,2025-11-27 10:00:00
10.849,491.84,980.79,47.6,2025-11-27 11:00:00
13.143,580.96,979.34,44.4,2025-11-27 12:00:00
15.002,606.24,977.64,42.1,2025-11-27 13:00:00
17.133,566.12,976.12,33.9,2025-11-27 14:00:00
18.584,467.0,974.77,26.9,2025-11-27 15:00:00
17.91,317.36,974.51,33.1,2025-11-27 16:00:00
15.107,136.58,974.48,40.7,2025-11-27 17:00:00
12.736,8.9,974.56,45.8,2025-11-27 18:00:00
11.523,0.059937,974.87,50.7,2025-11-27 19:00:00
10.543,0.10004,974.76,55.0,2025-11-27 20:00:00
9.9769,0.0,974.55,57.3,2025-11-27 21:00:00
9.4448,0.0,974.41,59.5,2025-11-27 22:00:00
8.9225,0.0,974.15,61.8,2025-11-27 23:00:00
8.3984,0.0,973.72,63.9,2025-11-28 00:00:00
7.9595,0.0,973.29,65.9,2025-11-28 01:00:00
7.5826,0.0,972.86,68.2,2025-11-28 02:00:00
7.2078,0.0,972.44,70.4,2025-11-28 03:00:00
6.8504,0.0,971.88,72.7,2025-11-28 04:00:00
6.5459,0.0,971.58,74.4,2025-11-28 05:00:00
6.2837,0.0,971.49,75.7,2025-11-28 06:00:00
6.0441,0.0,971.59,76.5,2025-11-28 07:00:00
6.4459,19.08,971.68,75.9,2025-11-28 08:00:00
8.7144,168.24,971.86,66.7,2025-11-28 09:00:00
10.906,346.88,971.97,57.4,2025-11-28 10:00:00
12.822,490.78,971.37,51.5,2025-11-28 11:00:00
14.517,581.06,970.35,47.3,2025-11-28 12:00:00
16.053,608.14,968.93,43.4,2025-11-28 13:00:00
17.325,569.1,967.89,39.9,2025-11-28 14:00:00
18.027,468.94,967.18,37.8,2025-11-28 15:00:00
18.015,317.7,967.03,39.4,2025-11-28 16:00:00
15.576,137.18,967.08,46.4,2025-11-28 17:00:00
13.558,9.06,967.46,49.4,2025-11-28 18:00:00
12.419,0.0,968.04,52.9,2025-11-28 19:00:00
11.483,0.0,968.53,56.4,2025-11-28 20:00:00
10.789,0.0,968.8,59.2,2025-11-28 21:00:00
10.268,0.0,968.91,61.5,2025-11-28 22:00:00
9.7652,0.0,968.96,63.5,2025-11-28 23:00:00
9.2563,0.0,968.95,64.9,2025-11-29 00:00:00
8.8045,0.0,968.91,65.6,2025-11-29 01:00:00
8.4142,0.0,968.69,66.2,2025-11-29 02:00:00
8.0322,0.0,968.61,67.6,2025-11-29 03:00:00
7.6917,0.0,968.19,68.8,2025-11-29 04:00:00
7.4011,0.0,968.21,69.9,2025-11-29 05:00:00
7.1169,0.0,968.47,71.1,2025-11-29 06:00:00
6.8671,0.0,968.96,72.2,2025-11-29 07:00:00
7.3966,18.72,969.52,72.7,2025-11-29 08:00:00
9.7878,167.66,969.94,64.8,2025-11-29 09:00:00
12.282,347.1,970.15,55.0,2025-11-29 10:00:00
14.487,491.56,969.96,48.6,2025-11-29 11:00:00
16.353,582.4,969.17,43.8,2025-11-29 12:00:00
17.532,609.98,967.77,40.4,2025-11-29 13:00:00
18.478,571.62,966.86,37.6,2025-11-29 14:00:00
18.906,471.34,966.18,35.7,2025-11-29 15:00:00
18.703,319.18,966.18,37.7,2025-11-29 16:00:00
16.363,137.5,966.03,44.7,2025-11-29 17:00:00
14.467,8.94,966.35,47.5,2025-11-29 18:00:00
13.616,0.039978,966.96,50.1,2025-11-29 19:00:00
12.91,0.0,967.38,52.7,2025-11-29 20:00:00
12.228,0.0,967.68,55.5,2025-11-29 21:00:00
11.651,0.0,967.96,57.8,2025-11-29 22:00:00
11.218,0.0,968.26,59.7,2025-11-29 23:00:00
10.806,0.0,968.39,61.6,2025-11-30 00:00:00
10.366,0.0,968.51,63.6,2025-11-30 01:00:00
9.9497,0.0,968.5,65.1,2025-11-30 02:00:00
9.5276,0.0,968.74,66.8,2025-11-30 03:00:00
9.1871,0.0,968.89,67.8,2025-11-30 04:00:00
8.8662,0.0,969.34,68.5,2025-11-30 05:00:00
8.601,0.0,969.96,69.0,2025-11-30 06:00:00
8.337,0.0,970.83,69.6,2025-11-30 07:00:00
8.6971,16.08,970.91,71.4,2025-11-30 08:00:00
10.677,114.34,971.75,66.2,2025-11-30 09:00:00
13.148,248.78,973.15,55.5,2025-11-30 10:00:00
14.893,321.48,973.33,45.6,2025-11-30 11:00:00
15.801,359.0,972.46,37.5,2025-11-30 12:00:00
17.153,312.3,972.27,29.7,2025-11-30 13:00:00
16.146,127.66,971.99,31.0,2025-11-30 14:00:00
15.373,124.28,971.82,33.3,2025-11-30 15:00:00
15.913,167.76,972.07,33.8,2025-11-30 16:00:00
14.473,119.62,972.18,36.5,2025-11-30 17:00:00
12.347,8.5,973.04,38.8,2025-11-30 18:00:00
11.213,0.0,973.96,41.3,2025-11-30 19:00:00
10.359,0.02002,974.38,42.7,2025-11-30 20:00:00
9.669,0.0,974.83,44.0,2025-11-30 21:00:00
9.2054,0.0,975.17,44.5,2025-11-30 22:00:00
8.6858,0.0,975.03,45.1,2025-11-30 23:00:00
8.259,0.0,975.16,45.8,2025-12-01 00:00:00
7.797,0.0,975.04,46.8,2025-12-01 01:00:00
7.3859,0.0,974.56,48.0,2025-12-01 02:00:00
6.9742,0.0,974.24,49.3,2025-12-01 03:00:00
6.576,0.0,973.62,50.9,2025-12-01 04:00:00
6.218,0.0,973.33,52.5,2025-12-01 05:00:00
5.9062,0.0,973.6,54.0,2025-12-01 06:00:00
5.5625,0.0,973.71,55.8,2025-12-01 07:00:00
6.4442,15.84,973.41,56.5,2025-12-01 08:00:00
8.646,156.1,974.02,50.3,2025-12-01 09:00:00
10.578,333.18,974.44,31.5,2025-12-01 10:00:00
11.162,474.86,974.27,30.4,2025-12-01 11:00:00
11.785,562.66,973.35,28.4,2025-12-01 12:00:00
12.369,588.0,972.01,28.0,2025-12-01 13:00:00
12.946,549.8,970.98,27.2,2025-12-01 14:00:00
13.115,451.88,970.65,27.2,2025-12-01 15:00:00
12.889,304.04,970.85,28.1,2025-12-01 16:00:00
11.538,128.72,971.28,36.5,2025-12-01 17:00:00
10.081,8.08,971.77,37.2,2025-12-01 18:00:00
9.7724,0.0,972.4,37.8,2025-12-01 19:00:00
10.359,0.0,973.11,37.8,2025-12-01 20:00:00
10.443,0.0,973.62,38.6,2025-12-01 21:00:00
9.7912,0.0,973.88,40.3,2025-12-01 22:00:00
8.7712,0.0,973.8,42.8,2025-12-01 23:00:00
8.0901,0.0,974.14,45.3,2025-12-02 00:00:00
7.6015,0.0,974.23,47.4,2025-12-02 01:00:00
7.6048,0.0,974.71,48.3,2025-12-02 02:00:00
7.5195,0.0,974.91,49.0,2025-12-02 03:00:00
7.371,0.0,975.1,49.8,2025-12-02 04:00:00
7.1331,0.0,975.28,50.5,2025-12-02 05:00:00
7.1091,0.0,976.1,50.6,2025-12-02 06:00:00
7.4359,0.0,977.07,49.8,2025-12-02 07:00:00
7.3488,8.28,978.13,49.2,2025-12-02 08:00:00
8.4333,73.38,979.04,46.1,2025-12-02 09:00:00
9.6638,195.18,979.75,42.5,2025-12-02 10:00:00
10.837,339.24,979.83,40.0,2025-12-02 11:00:00
11.128,426.92,979.27,38.3,2025-12-02 12:00:00
10.993,505.98,978.14,38.7,2025-12-02 13:00:00
10.129,478.78,977.89,38.4,2025-12-02 14:00:00
10.057,407.48,977.66,37.0,2025-12-02 15:00:00
9.5939,257.08,978.09,38.6,2025-12-02 16:00:00
8.7958,91.68,979.01,43.2,2025-12-02 17:00:00
8.2874,5.36,980.37,44.2,2025-12-02 18:00:00
8.019,6.1035e-05,981.8,45.3,2025-12-02 19:00:00
7.481,0.039978,982.85,48.0,2025-12-02 20:00:00
6.5677,0.0,983.77,50.9,2025-12-02 21:00:00
6.1153,0.0,984.25,51.5,2025-12-02 22:00:00
5.3781,0.0,984.33,54.1,2025-12-02 23:00:00
4.8729,0.0,984.49,55.1,2025-12-03 00:00:00
4.6499,0.0,984.45,55.5,2025-12-03 01:00:00
4.2609,0.0,984.65,56.0,2025-12-03 02:00:00
3.8625,0.0,984.9,56.8,2025-12-03 03:00:00
3.5389,0.0,984.5,58.1,2025-12-03 04:00:00
3.2645,0.0,984.36,59.9,2025-12-03 05:00:00
2.9974,0.0,984.32,61.8,2025-12-03 06:00:00
2.6999,0.0,984.42,63.8,2025-12-03 07:00:00
3.5236,14.88,984.59,60.9,2025-12-03 08:00:00
5.486,158.08,984.8,52.8,2025-12-03 09:00:00
7.2007,338.28,984.93,46.0,2025-12-03 10:00:00
8.5985,484.46,984.65,37.3,2025-12-03 11:00:00
9.4179,577.02,983.25,30.9,2025-12-03 12:00:00
10.075,604.86,981.59,29.3,2025-12-03 13:00:00
10.573,567.66,980.46,29.7,2025-12-03 14:00:00
10.696,466.5,979.55,29.6,2025-12-03 15:00:00
10.387,314.62,979.07,30.3,2025-12-03 16:00:00
9.1371,133.22,978.84,37.0,2025-12-03 17:00:00
7.4703,8.38,979.13,42.8,2025-12-03 18:00:00
6.7523,0.0,979.46,50.7,2025-12-03 19:00:00
6.2634,0.0,979.66,53.5,2025-12-03 20:00:00
5.9812,0.0,979.85,53.9,2025-12-03 21:00:00
5.9613,0.0,979.55,53.7,2025-12-03 22:00:00
6.4616,0.0,979.48,52.2,2025-12-03 23:00:00
6.5015,0.0,979.25,52.0,2025-12-04 00:00:00
6.2472,0.0,978.49,52.4,2025-12-04 01:00:00
5.8249,0.0,978.17,53.1,2025-12-04 02:00:00
5.5733,0.0,978.24,53.4,2025-12-04 03:00:00
5.8441,0.0,977.91,52.5,2025-12-04 04:00:00
5.2965,0.0,977.59,53.4,2025-12-04 05:00:00
5.2434,0.0,977.87,53.7,2025-12-04 06:00:00
5.2052,0.0,978.06,53.8,2025-12-04 07:00:00
4.9497,12.36,978.61,56.8,2025-12-04 08:00:00
6.6789,116.82,978.97,50.1,2025-12-04 09:00:00
8.274,290.66,979.49,43.6,2025-12-04 10:00:00
9.6639,407.62,979.32,39.4,2025-12-04 11:00:00
11.147,523.54,978.71,36.4,2025-12-04 12:00:00
12.269,558.36,977.77,34.0,2025-12-04 13:00:00
12.922,516.08,977.14,32.5,2025-12-04 14:00:00
13.198,387.2,977.2,32.2,2025-12-04 15:00:00
13.174,237.48,977.44,32.9,2025-12-04 16:00:00
11.996,98.2,977.86,40.4,2025-12-04 17:00:00
10.899,7.36,978.55,41.7,2025-12-04 18:00:00
10.113,0.0,979.65,44.6,2025-12-04 19:00:00
9.1446,0.0,980.9,48.6,2025-12-04 20:00:00
8.348,0.0,981.5,49.7,2025-12-04 21:00:00
7.7161,0.0,981.8,51.8,2025-12-04 22:00:00
7.3152,0.0,982.02,52.4,2025-12-04 23:00:00
6.4893,0.0,982.42,49.6,2025-12-05 00:00:00
5.5714,0.0,982.24,47.1,2025-12-05 01:00:00
5.1923,0.0,982.22,47.2,2025-12-05 02:00:00
4.5158,0.0,981.97,48.1,2025-12-05 03:00:00
4.1623,0.0,981.4,48.4,2025-12-05 04:00:00
3.7817,0.0,980.92,48.7,2025-12-05 05:00:00
3.3257,0.0,980.9,49.1,2025-12-05 06:00:00
3.049,0.0,981.11,49.1,2025-12-05 07:00:00
3.5124,12.672,981.01,51.1,2025-12-05 08:00:00
5.0849,146.54,981.13,44.0,2025-12-05 09:00:00
6.5041,321.62,981.07,38.6,2025-12-05 10:00:00
7.7787,464.96,980.38,36.3,2025-12-05 11:00:00
8.9792,556.16,979.31,35.6,2025-12-05 12:00:00
9.9023,585.52,977.61,35.4,2025-12-05 13:00:00
10.586,549.36,976.12,35.3,2025-12-05 14:00:00
10.919,452.16,975.19,35.7,2025-12-05 15:00:00
10.879,304.36,974.8,36.5,2025-12-05 16:00:00
10.09,129.08,974.43,43.4,2025-12-05 17:00:00
8.578,8.24,974.47,45.7,2025-12-05 18:00:00
8.0143,0.0,974.45,47.5,2025-12-05 19:00:00
7.6405,0.080017,974.6,48.7,2025-12-05 20:00:00
7.2664,0.0,974.48,49.9,2025-12-05 21:00:00
6.9243,0.0,974.39,51.3,2025-12-05 22:00:00
6.6306,0.0,974.44,52.9,2025-12-05 23:00:00
6.2841,0.0,974.38,55.5,2025-12-06 00:00:00
5.9737,0.0,974.1,57.3,2025-12-06 01:00:00
5.6854,0.0,973.86,59.7,2025-12-06 02:00:00
5.4796,0.0,973.71,62.4,2025-12-06 03:00:00
5.2945,0.0,973.67,65.3,2025-12-06 04:00:00
5.1087,0.0,973.65,68.0,2025-12-06 05:00:00
4.9753,0.0,973.69,71.4,2025-12-06 06:00:00
4.8567,0.0,974.19,74.1,2025-12-06 07:00:00
5.0963,11.424,974.51,75.1,2025-12-06 08:00:00
7.2948,140.28,974.83,68.3,2025-12-06 09:00:00
9.5479,313.52,975.19,61.1,2025-12-06 10:00:00
11.401,455.08,974.94,56.2,2025-12-06 11:00:00
12.889,545.2,973.84,52.2,2025-12-06 12:00:00
14.273,574.52,972.83,48.1,2025-12-06 13:00:00
15.123,539.52,972.07,45.3,2025-12-06 14:00:00
15.574,444.34,971.89,43.6,2025-12-06 15:00:00
15.578,299.34,972.03,43.7,2025-12-06 16:00:00
13.953,126.86,972.31,51.4,2025-12-06 17:00:00
12.362,8.26,972.79,55.4,2025-12-06 18:00:00
11.852,0.0,973.46,58.1,2025-12-06 19:00:00
11.269,0.059998,973.98,60.7,2025-12-06 20:00:00
10.825,0.0,974.54,63.1,2025-12-06 21:00:00
10.166,0.0,974.78,66.1,2025-12-06 22:00:00
10.022,0.0,975.13,67.1,2025-12-06 23:00:00
9.7027,0.0,975.36,68.6,2025-12-07 00:00:00
9.2515,0.0,975.32,70.2,2025-12-07 01:00:00
8.8501,0.0,975.8,71.6,2025-12-07 02:00:00
8.9106,0.0,975.41,71.4,2025-12-07 03:00:00
8.355,0.0,975.73,73.1,2025-12-07 04:00:00
8.2459,0.0,975.93,73.3,2025-12-07 05:00:00
8.2481,0.0,976.45,72.6,2025-12-07 06:00:00
7.9537,0.0,977.27,72.5,2025-12-07 07:00:00
8.1774,9.984,977.8,70.0,2025-12-07 08:00:00
9.9212,115.86,978.51,64.8,2025-12-07 09:00:00
11.948,262.78,979.38,55.5,2025-12-07 10:00:00
14.075,444.2,979.19,45.2,2025-12-07 11:00:00
15.455,469.8,978.75,35.1,2025-12-07 12:00:00
16.486,581.76,977.86,29.2,2025-12-07 13:00:00
17.031,548.16,977.14,26.3,2025-12-07 14:00:00
17.32,451.96,976.98,24.7,2025-12-07 15:00:00
17.209,304.8,977.08,25.2,2025-12-07 16:00:00
15.253,130.04,977.32,31.9,2025-12-07 17:00:00
13.504,8.16,977.84,33.8,2025-12-07 18:00:00
12.649,0.039978,978.38,36.0,2025-12-07 19:00:00
11.904,0.0,979.14,38.4,2025-12-07 20:00:00
11.141,0.0,979.55,40.7,2025-12-07 21:00:00
10.494,0.0,980.4,42.2,2025-12-07 22:00:00
9.8335,0.0,980.91,43.7,2025-12-07 23:00:00
9.0146,0.0,980.77,45.5,2025-12-08 00:00:00
8.2657,0.0,980.07,52.4,2025-12-08 01:00:00
8.0885,0.0,980.29,55.3,2025-12-08 02:00:00
7.7403,0.0,980.63,53.5,2025-12-08 03:00:00
7.3689,0.0,980.67,54.8,2025-12-08 04:00:00
6.9932,0.0,980.56,54.6,2025-12-08 05:00:00
6.4412,0.0,981.2,55.1,2025-12-08 06:00:00
6.1141,0.0,981.53,55.0,2025-12-08 07:00:00
6.6055,10.08,981.52,60.2,2025-12-08 08:00:00
8.2049,135.82,981.98,55.2,2025-12-08 09:00:00
9.334,216.86,982.99,50.3,2025-12-08 10:00:00
10.633,277.14,982.79,43.5,2025-12-08 11:00:00
12.336,503.54,981.86,34.4,2025-12-08 12:00:00
12.792,524.04,980.15,33.1,2025-12-08 13:00:00
13.085,485.92,979.17,31.8,2025-12-08 14:00:00
13.218,446.4,978.3,31.2,2025-12-08 15:00:00
12.922,301.44,978.29,31.8,2025-12-08 16:00:00
11.593,128.34,978.24,38.6,2025-12-08 17:00:00
9.8031,8.14,978.87,43.8,2025-12-08 18:00:00
9.3016,0.0,979.31,44.9,2025-12-08 19:00:00
9.0085,0.099976,979.79,46.1,2025-12-08 20:00:00
8.7817,0.0,980.02,47.3,2025-12-08 21:00:00
8.3814,0.0,980.21,48.4,2025-12-08 22:00:00
7.8182,0.0,980.26,49.5,2025-12-08 23:00:00
7.2448,0.0,979.91,50.9,2025-12-09 00:00:00
6.9732,0.0,979.45,51.4,2025-12-09 01:00:00
6.4897,0.0,978.9,52.7,2025-12-09 02:00:00
6.1303,0.0,978.45,54.0,2025-12-09 03:00:00
5.7621,0.0,977.57,55.5,2025-12-09 04:00:00
5.4471,0.0,977.18,56.9,2025-12-09 05:00:00
5.2065,0.0,977.41,58.0,2025-12-09 06:00:00
4.9329,0.0,977.28,59.2,2025-12-09 07:00:00
5.2213,9.36,976.51,58.8,2025-12-09 08:00:00
6.9705,131.98,976.66,52.4,2025-12-09 09:00:00
8.6351,303.54,977.09,46.3,2025-12-09 10:00:00
10.158,445.4,976.95,41.3,2025-12-09 11:00:00
11.413,536.68,975.88,37.5,2025-12-09 12:00:00
12.205,567.5,974.63,35.2,2025-12-09 13:00:00
12.821,534.3,973.51,34.0,2025-12-09 14:00:00
13.151,440.46,973.13,33.7,2025-12-09 15:00:00
12.835,253.62,972.95,34.9,2025-12-09 16:00:00
11.608,105.06,973.05,42.1,2025-12-09 17:00:00
10.368,8.14,973.83,44.4,2025-12-09 18:00:00
9.8765,0.02002,974.23,46.1,2025-12-09 19:00:00
9.427,0.0,974.94,48.8,2025-12-09 20:00:00
8.9954,0.0,975.25,50.9,2025-12-09 21:00:00
8.6133,0.0,975.42,52.3,2025-12-09 22:00:00
8.3224,0.0,975.62,53.2,2025-12-09 23:00:00
8.0391,0.0,975.79,54.2,2025-12-10 00:00:00
7.762,0.0,975.23,55.0,2025-12-10 01:00:00
7.538,0.0,975.05,56.0,2025-12-10 02:00:00
7.2791,0.0,974.54,57.2,2025-12-10 03:00:00
6.9556,0.0,973.87,58.2,2025-12-10 04:00:00
6.7554,0.0,973.57,58.6,2025-12-10 05:00:00
6.532,0.0,973.67,59.2,2025-12-10 06:00:00
6.3384,0.0,973.75,59.9,2025-12-10 07:00:00
6.6952,8.4,973.51,61.8,2025-12-10 08:00:00
8.3289,109.16,973.48,56.4,2025-12-10 09:00:00
10.099,270.6,974.01,49.8,2025-12-10 10:00:00
11.72,403.84,974.14,45.3,2025-12-10 11:00:00
13.064,468.24,973.41,42.3,2025-12-10 12:00:00
14.323,490.06,972.35,40.7,2025-12-10 13:00:00
15.533,512.3,971.68,40.0,2025-12-10 14:00:00
16.227,436.36,971.54,40.2,2025-12-10 15:00:00
16.323,294.6,971.73,41.5,2025-12-10 16:00:00
14.908,125.12,972.01,47.9,2025-12-10 17:00:00
13.385,8.08,972.48,51.4,2025-12-10 18:00:00
12.518,0.039978,973.23,55.7,2025-12-10 19:00:00
11.935,0.0,973.79,59.2,2025-12-10 20:00:00
11.453,0.0,973.87,61.9,2025-12-10 21:00:00
11.032,0.0,973.89,64.3,2025-12-10 22:00:00
10.674,0.0,974.18,66.2,2025-12-10 23:00:00
10.267,0.0,974.27,68.2,2025-12-11 00:00:00
9.9233,0.0,974.0,70.1,2025-12-11 01:00:00
9.6222,0.0,973.86,71.4,2025-12-11 02:00:00
9.3072,0.0,973.63,72.7,2025-12-11 03:00:00
9.0042,0.0,973.54,73.3,2025-12-11 04:00:00
8.6735,0.0,973.35,74.2,2025-12-11 05:00:00
8.4152,0.0,973.76,75.3,2025-12-11 06:00:00
8.122,0.0,974.52,76.9,2025-12-11 07:00:00
7.9263,8.16,974.96,76.9,2025-12-11 08:00:00
9.6381,127.34,975.46,69.5,2025-12-11 09:00:00
11.431,297.98,976.17,61.3,2025-12-11 10:00:00
13.075,439.46,976.35,53.9,2025-12-11 11:00:00
13.716,529.86,975.62,49.8,2025-12-11 12:00:00
13.977,560.76,974.36,45.7,2025-12-11 13:00:00
14.343,528.36,973.38,39.3,2025-12-11 14:00:00
14.037,435.42,972.99,37.6,2025-12-11 15:00:00
13.726,293.26,973.02,40.1,2025-12-11 16:00:00
12.416,125.0,973.16,42.0,2025-12-11 17:00:00
11.035,8.32,973.82,44.8,2025-12-11 18:00:00
10.008,0.0,974.54,47.4,2025-12-11 19:00:00
9.2871,0.0,975.15,48.8,2025-12-11 20:00:00
8.6918,0.0,975.58,51.3,2025-12-11 21:00:00
8.1411,0.0,975.91,54.7,2025-12-11 22:00:00
7.6939,0.0,976.1,58.9,2025-12-11 23:00:00
7.4934,0.0,976.32,61.0,2025-12-12 00:00:00
7.0055,0.0,976.29,65.3,2025-12-12 01:00:00
6.9236,0.0,976.58,66.6,2025-12-12 02:00:00
6.5788,0.0,976.74,68.1,2025-12-12 03:00:00
6.0069,0.0,977.0,68.8,2025-12-12 04:00:00
5.4003,0.0,977.48,68.8,2025-12-12 05:00:00
4.8425,0.0,978.34,68.6,2025-12-12 06:00:00
4.3397,0.0,979.13,68.8,2025-12-12 07:00:00
3.4301,0.6,978.96,74.7,2025-12-12 08:00:00
2.9315,10.54,979.22,75.8,2025-12-12 09:00:00
2.2391,25.06,980.27,78.7,2025-12-12 10:00:00
1.548,27.4,981.1,87.1,2025-12-12 11:00:00
1.1319,30.28,981.09,96.5,2025-12-12 12:00:00
1.1244,35.42,980.73,96.1,2025-12-12 13:00:00
1.2137,28.26,980.38,95.2,2025-12-12 14:00:00
1.2689,22.92,980.74,96.6,2025-12-12 15:00:00
1.6924,29.8,981.54,97.6,2025-12-12 16:00:00
1.8719,12.68,982.3,98.3,2025-12-12 17:00:00
2.1791,2.2,983.35,96.2,2025-12-12 18:00:00
2.4233,0.099998,984.27,94.7,2025-12-12 19:00:00
2.8838,0.0,984.6,91.1,2025-12-12 20:00:00
3.265,0.0,985.12,89.1,2025-12-12 21:00:00
3.5349,0.0,985.34,87.9,2025-12-12 22:00:00
3.6833,0.0,986.11,86.7,2025-12-12 23:00:00
3.851,0.0,986.54,82.5,2025-12-13 00:00:00
4.9432,0.0,987.15,52.9,2025-12-13 01:00:00
4.2538,0.0,987.61,43.6,2025-12-13 02:00:00
3.7206,0.0,987.88,41.3,2025-12-13 03:00:00
3.1969,0.0,988.11,40.9,2025-12-13 04:00:00
2.8207,0.0,987.51,36.8,2025-12-13 05:00:00
1.3164,0.0,987.6,46.3,2025-12-13 06:00:00
0.43964,0.0,987.99,54.2,2025-12-13 07:00:00
0.85461,7.92,988.33,53.3,2025-12-13 08:00:00
2.1826,134.98,988.21,50.6,2025-12-13 09:00:00
3.8868,317.14,988.23,44.1,2025-12-13 10:00:00
5.6271,467.98,987.5,39.4,2025-12-13 11:00:00
6.9051,565.02,986.45,34.7,2025-12-13 12:00:00
7.7377,598.58,984.94,31.1,2025-12-13 13:00:00
8.4109,566.02,983.75,29.1,2025-12-13 14:00:00
8.6746,469.36,982.99,30.1,2025-12-13 15:00:00
8.6177,319.64,982.43,32.4,2025-12-13 16:00:00
7.3145,139.62,982.1,41.4,2025-12-13 17:00:00
5.7044,9.62,982.24,44.3,2025-12-13 18:00:00
5.0594,0.060059,982.67,46.4,2025-12-13 19:00:00
4.4627,0.0,982.78,49.3,2025-12-13 20:00:00
3.9182,0.0,982.85,52.2,2025-12-13 21:00:00
3.4109,0.0,983.04,54.9,2025-12-13 22:00:00
2.9835,0.0,982.99,56.7,2025-12-13 23:00:00
2.7931,0.0,982.7,57.4,2025-12-14 00:00:00
2.6278,0.0,982.23,58.7,2025-12-14 01:00:00
2.802,0.0,981.93,58.8,2025-12-14 02:00:00
2.3511,0.0,981.52,60.0,2025-12-14 03:00:00
2.0284,0.0,980.88,61.0,2025-12-14 04:00:00
1.6064,0.0,980.19,62.2,2025-12-14 05:00:00
1.3145,0.0,980.15,63.6,2025-12-14 06:00:00
1.068,0.0,980.53,64.8,2025-12-14 07:00:00
0.87048,7.08,980.33,57.4,2025-12-14 08:00:00
2.7626,126.56,980.47,51.6,2025-12-14 09:00:00
4.408,302.4,981.0,45.3,2025-12-14 10:00:00
5.9541,448.54,980.37,41.4,2025-12-14 11:00:00
7.409,543.7,979.08,39.8,2025-12-14 12:00:00
8.5808,577.1,977.66,38.8,2025-12-14 13:00:00
9.3846,544.98,976.5,38.3,2025-12-14 14:00:00
9.793,451.6,975.61,38.3,2025-12-14 15:00:00
9.7964,306.64,975.01,39.9,2025-12-14 16:00:00
8.9015,132.58,974.82,47.4,2025-12-14 17:00:00
7.2758,9.18,974.88,52.9,2025-12-14 18:00:00
6.5995,0.0,975.01,55.7,2025-12-14 19:00:00
6.1364,0.0,975.0,56.9,2025-12-14 20:00:00
5.7801,0.0,975.0,57.7,2025-12-14 21:00:00
5.443,0.0,975.07,58.6,2025-12-14 22:00:00
5.113,0.0,974.92,59.4,2025-12-14 23:00:00
4.8709,0.0,974.62,60.3,2025-12-15 00:00:00
4.5555,0.0,974.09,61.3,2025-12-15 01:00:00
4.2754,0.0,973.86,62.4,2025-12-15 02:00:00
4.1874,0.0,973.52,62.9,2025-12-15 03:00:00
4.0446,0.0,973.04,63.8,2025-12-15 04:00:00
3.8354,0.0,972.67,64.8,2025-12-15 05:00:00
3.6454,0.0,972.87,65.8,2025-12-15 06:00:00
3.2933,0.0,973.4,67.3,2025-12-15 07:00:00
3.3431,6.12,973.02,71.0,2025-12-15 08:00:00
5.0385,116.1,973.37,65.2,2025-12-15 09:00:00
6.8139,284.86,973.97,58.8,2025-12-15 10:00:00
8.4065,427.76,973.45,54.0,2025-12-15 11:00:00
9.9281,522.32,972.15,50.0,2025-12-15 12:00:00
11.345,557.36,970.93,46.6,2025-12-15 13:00:00
12.511,528.32,970.11,44.6,2025-12-15 14:00:00
13.189,438.76,969.77,43.8,2025-12-15 15:00:00
13.402,298.48,969.64,43.7,2025-12-15 16:00:00
12.271,129.4,969.85,49.5,2025-12-15 17:00:00
10.81,9.12,970.33,52.6,2025-12-15 18:00:00
10.105,0.040039,970.87,55.9,2025-12-15 19:00:00
9.4547,0.079956,971.26,59.4,2025-12-15 20:00:00
8.9778,0.0,971.33,62.2,2025-12-15 21:00:00
8.543,0.0,971.52,64.3,2025-12-15 22:00:00
8.1363,0.0,971.76,66.1,2025-12-15 23:00:00
7.7562,0.0,971.7,67.6,2025-12-16 00:00:00
7.3842,0.0,971.56,69.2,2025-12-16 01:00:00
7.087,0.0,971.92,70.7,2025-12-16 02:00:00
6.8213,0.0,972.08,72.1,2025-12-16 03:00:00
6.5197,0.0,971.92,73.6,2025-12-16 04:00:00
6.2572,0.0,972.26,74.9,2025-12-16 05:00:00
6.0209,0.0,972.82,76.3,2025-12-16 06:00:00
5.8333,0.0,973.55,77.4,2025-12-16 07:00:00
6.0513,5.88,973.37,79.0,2025-12-16 08:00:00
7.8936,114.72,974.18,71.6,2025-12-16 09:00:00
9.9773,283.8,975.43,62.5,2025-12-16 10:00:00
11.525,356.58,975.92,57.3,2025-12-16 11:00:00
12.564,375.7,975.01,53.9,2025-12-16 12:00:00
13.667,397.9,974.32,51.2,2025-12-16 13:00:00
13.991,329.38,973.87,50.0,2025-12-16 14:00:00
14.339,292.88,973.96,49.2,2025-12-16 15:00:00
14.377,188.12,974.11,50.4,2025-12-16 16:00:00
13.185,73.76,974.55,56.3,2025-12-16 17:00:00
11.848,8.36,975.51,60.6,2025-12-16 18:00:00
11.478,0.0,976.64,61.8,2025-12-16 19:00:00
11.043,0.059998,977.34,62.5,2025-12-16 20:00:00
10.408,0.0,977.97,64.3,2025-12-16 21:00:00
9.7979,0.0,978.53,66.0,2025-12-16 22:00:00
9.2574,0.0,979.01,67.2,2025-12-16 23:00:00
8.7263,0.0,979.09,68.0,2025-12-17 00:00:00
8.1899,0.0,979.22,68.7,2025-12-17 01:00:00
7.7426,0.0,979.64,68.2,2025-12-17 02:00:00
7.302,0.0,979.85,67.5,2025-12-17 03:00:00
6.8713,0.0,979.67,66.6,2025-12-17 04:00:00
6.4736,0.0,979.83,66.6,2025-12-17 05:00:00
6.0743,0.0,980.4,68.0,2025-12-17 06:00:00
5.6871,0.0,981.11,71.4,2025-12-17 07:00:00
5.7445,5.568,981.29,84.3,2025-12-17 08:00:00
7.1891,115.04,982.0,78.6,2025-12-17 09:00:00
8.5308,285.84,982.9,68.0,2025-12-17 10:00:00
9.4623,431.8,982.84,55.4,2025-12-17 11:00:00
10.34,529.64,981.69,49.1,2025-12-17 12:00:00
11.187,566.38,980.23,46.8,2025-12-17 13:00:00
11.722,538.26,979.28,44.6,2025-12-17 14:00:00
11.874,448.84,978.65,43.1,2025-12-17 15:00:00
11.591,307.76,978.34,43.9,2025-12-17 16:00:00
10.594,135.24,978.03,48.8,2025-12-17 17:00:00
8.8122,10.08,978.32,55.4,2025-12-17 18:00:00
8.1665,0.0,978.5,57.6,2025-12-17 19:00:00
7.6909,0.02002,978.4,58.6,2025-12-17 20:00:00
7.3397,0.0,978.32,59.2,2025-12-17 21:00:00
7.0155,0.0,977.97,59.7,2025-12-17 22:00:00
6.6675,0.0,977.37,60.5,2025-12-17 23:00:00
6.3207,0.0,976.83,61.4,2025-12-18 00:00:00
6.0096,0.0,976.11,62.3,2025-12-18 01:00:00
5.6857,0.0,975.7,63.1,2025-12-18 02:00:00
5.3614,0.0,975.08,63.8,2025-12-18 03:00:00
5.0392,0.0,974.24,64.5,2025-12-18 04:00:00
4.77,0.0,973.7,65.0,2025-12-18 05:00:00
4.5255,0.0,973.67,65.7,2025-12-18 06:00:00
4.2888,0.0,973.72,66.1,2025-12-18 07:00:00
4.594,5.16,973.69,62.1,2025-12-18 08:00:00
5.8381,109.88,973.47,56.7,2025-12-18 09:00:00
7.3372,278.76,973.68,51.3,2025-12-18 10:00:00
8.7495,423.58,973.11,48.5,2025-12-18 11:00:00
9.9993,519.14,971.49,47.3,2025-12-18 12:00:00
11.16,554.34,969.91,46.7,2025-12-18 13:00:00
11.993,526.42,968.78,46.8,2025-12-18 14:00:00
12.537,438.16,968.07,47.2,2025-12-18 15:00:00
12.732,298.88,967.33,48.2,2025-12-18 16:00:00
11.833,130.74,967.11,53.1,2025-12-18 17:00:00
10.13,9.74,967.2,58.0,2025-12-18 18:00:00
9.4745,0.0,967.47,60.5,2025-12-18 19:00:00
8.9352,0.059937,967.23,63.1,2025-12-18 20:00:00
8.5201,0.0,967.14,65.0,2025-12-18 21:00:00
8.1949,0.0,967.07,66.2,2025-12-18 22:00:00
7.9044,0.0,967.01,67.3,2025-12-18 23:00:00
7.6108,0.0,966.36,68.4,2025-12-19 00:00:00
7.2875,0.0,965.63,69.8,2025-12-19 01:00:00
7.0486,0.0,965.54,71.0,2025-12-19 02:00:00
6.8135,0.0,965.76,72.1,2025-12-19 03:00:00
6.6089,0.0,966.05,73.3,2025-12-19 04:00:00
6.289,0.0,966.21,75.5,2025-12-19 05:00:00
6.1747,0.0,966.8,77.4,2025-12-19 06:00:00
6.1701,0.0,967.69,79.2,2025-12-19 07:00:00
6.451,4.68,967.61,84.5,2025-12-19 08:00:00
8.1905,108.16,967.88,78.7,2025-12-19 09:00:00
10.563,275.92,968.54,69.7,2025-12-19 10:00:00
12.735,419.08,968.55,62.9,2025-12-19 11:00:00
14.333,514.12,967.75,56.9,2025-12-19 12:00:00
15.694,549.82,966.88,51.3,2025-12-19 13:00:00
16.757,522.58,966.45,46.4,2025-12-19 14:00:00
17.353,435.54,966.68,43.5,2025-12-19 15:00:00
17.349,297.74,967.05,43.1,2025-12-19 16:00:00
15.562,130.84,967.46,51.4,2025-12-19 17:00:00
13.818,10.04,968.3,56.1,2025-12-19 18:00:00
13.163,0.039978,969.12,57.6,2025-12-19 19:00:00
12.472,0.0,969.94,59.0,2025-12-19 20:00:00
11.73,0.0,970.58,59.1,2025-12-19 21:00:00
11.143,0.0,971.41,57.3,2025-12-19 22:00:00
10.654,0.0,972.5,55.7,2025-12-19 23:00:00
10.225,0.0,973.3,54.7,2025-12-20 00:00:00
9.7294,0.0,973.93,54.4,2025-12-20 01:00:00
9.2976,0.0,974.87,54.1,2025-12-20 02:00:00
8.7789,0.0,975.73,54.7,2025-12-20 03:00:00
9.2678,0.0,976.15,53.2,2025-12-20 04:00:00
9.2857,0.0,976.58,50.9,2025-12-20 05:00:00
9.1819,0.0,977.16,48.5,2025-12-20 06:00:00
8.9339,0.0,978.69,47.0,2025-12-20 07:00:00
8.8782,3.36,979.35,48.7,2025-12-20 08:00:00
9.6215,38.04,981.05,45.6,2025-12-20 09:00:00
10.71,134.88,982.01,38.0,2025-12-20 10:00:00
10.963,300.6,983.04,34.5,2025-12-20 11:00:00
11.571,322.0,982.37,33.0,2025-12-20 12:00:00
11.508,223.38,981.01,33.0,2025-12-20 13:00:00
11.735,220.94,980.41,31.7,2025-12-20 14:00:00
12.223,353.6,980.36,29.9,2025-12-20 15:00:00
12.001,116.08,980.89,31.3,2025-12-20 16:00:00
11.229,65.46,980.96,37.3,2025-12-20 17:00:00
10.154,2.7,982.78,42.3,2025-12-20 18:00:00
9.4621,0.0,983.74,46.7,2025-12-20 19:00:00
8.2412,0.039978,984.84,55.2,2025-12-20 20:00:00
6.932,0.0,985.38,63.1,2025-12-20 21:00:00
6.4133,0.0,985.0,67.5,2025-12-20 22:00:00
6.4366,0.0,984.99,67.8,2025-12-20 23:00:00
6.4796,0.0,984.45,68.6,2025-12-21 00:00:00
6.0297,0.0,983.26,73.0,2025-12-21 01:00:00
5.6745,0.0,983.08,76.1,2025-12-21 02:00:00
4.9466,0.0,982.31,81.2,2025-12-21 03:00:00
4.5251,0.0,981.57,83.3,2025-12-21 04:00:00
4.455,0.0,981.05,83.4,2025-12-21 05:00:00
4.7803,0.0,980.76,81.9,2025-12-21 06:00:00
4.559,0.0,981.77,83.6,2025-12-21 07:00:00
6.1184,2.88,980.51,75.0,2025-12-21 08:00:00
6.57,45.08,980.65,68.7,2025-12-21 09:00:00
7.3722,131.44,980.86,56.4,2025-12-21 10:00:00
8.153,233.16,980.86,45.4,2025-12-21 11:00:00
8.9011,331.68,979.77,39.8,2025-12-21 12:00:00
9.5546,426.44,978.62,38.1,2025-12-21 13:00:00
9.8601,469.48,977.33,38.0,2025-12-21 14:00:00
9.8172,374.22,976.91,38.2,2025-12-21 15:00:00
9.4941,242.74,976.91,38.6,2025-12-21 16:00:00
8.8747,106.76,976.78,42.5,2025-12-21 17:00:00
8.0323,9.56,976.79,47.9,2025-12-21 18:00:00
7.956,0.02002,976.79,52.8,2025-12-21 19:00:00
7.9052,0.019958,976.76,54.2,2025-12-21 20:00:00
7.9609,0.0,976.85,54.2,2025-12-21 21:00:00
7.6193,0.0,976.87,55.1,2025-12-21 22:00:00
7.1345,0.0,975.68,56.5,2025-12-21 23:00:00
6.7312,0.0,975.89,57.0,2025-12-22 00:00:00
6.5974,0.0,975.18,55.8,2025-12-22 01:00:00
6.3724,0.0,975.72,56.9,2025-12-22 02:00:00
6.1978,0.0,975.01,58.3,2025-12-22 03:00:00
6.0425,0.0,974.28,59.3,2025-12-22 04:00:00
5.8488,0.0,973.9,59.6,2025-12-22 05:00:00
5.6755,0.0,974.03,60.2,2025-12-22 06:00:00
5.5686,0.0,974.37,61.0,2025-12-22 07:00:00
4.7134,1.08,973.92,63.4,2025-12-22 08:00:00
4.979,23.56,975.0,62.6,2025-12-22 09:00:00
5.1618,50.32,975.31,62.6,2025-12-22 10:00:00
5.5862,122.44,975.38,62.4,2025-12-22 11:00:00
5.6808,122.64,974.41,64.3,2025-12-22 12:00:00
5.8548,138.14,972.56,66.1,2025-12-22 13:00:00
6.5725,218.86,971.39,65.8,2025-12-22 14:00:00
6.8968,187.56,971.31,64.4,2025-12-22 15:00:00
6.5907,68.84,971.28,66.9,2025-12-22 16:00:00
6.2979,29.26,971.71,67.9,2025-12-22 17:00:00
6.0638,1.86,972.23,68.4,2025-12-22 18:00:00
6.0009,0.0,972.9,68.0,2025-12-22 19:00:00
5.9301,0.019989,973.35,67.8,2025-12-22 20:00:00
5.8788,0.0,973.87,67.6,2025-12-22 21:00:00
5.7568,0.0,974.22,69.2,2025-12-22 22:00:00
5.6995,0.0,974.81,71.0,2025-12-22 23:00:00
5.7131,0.0,974.99,72.2,2025-12-23 00:00:00
5.5341,0.0,975.38,76.6,2025-12-23 01:00:00
5.4467,0.0,975.7,80.1,2025-12-23 02:00:00
5.6794,0.0,975.95,79.1,2025-12-23 03:00:00
5.6438,0.0,975.51,80.5,2025-12-23 04:00:00
5.3345,0.0,975.41,83.1,2025-12-23 05:00:00
4.9153,0.0,976.16,85.9,2025-12-23 06:00:00
5.0145,0.0,977.01,86.3,2025-12-23 07:00:00
4.4381,3.84,978.37,86.2,2025-12-23 08:00:00
6.0796,76.42,978.68,77.0,2025-12-23 09:00:00
7.1607,140.94,979.01,68.1,2025-12-23 10:00:00
8.9899,384.56,978.75,55.2,2025-12-23 11:00:00
8.6631,196.96,977.89,57.3,2025-12-23 12:00:00
10.133,436.52,976.22,43.9,2025-12-23 13:00:00
10.851,416.28,975.44,36.9,2025-12-23 14:00:00
10.93,381.92,975.15,34.0,2025-12-23 15:00:00
10.591,305.88,975.35,35.2,2025-12-23 16:00:00
9.6144,133.18,975.13,40.9,2025-12-23 17:00:00
8.4066,11.1,976.03,43.9,2025-12-23 18:00:00
8.3538,0.12,976.16,45.3,2025-12-23 19:00:00
8.0742,0.0,976.42,47.3,2025-12-23 20:00:00
7.9488,0.0,976.72,48.1,2025-12-23 21:00:00
7.6986,0.0,976.87,48.8,2025-12-23 22:00:00
7.4272,0.0,976.79,49.1,2025-12-23 23:00:00
7.1261,0.0,976.69,49.5,2025-12-24 00:00:00
6.6643,0.0,977.15,50.3,2025-12-24 01:00:00
6.5342,0.0,976.78,51.1,2025-12-24 02:00:00
6.2142,0.0,977.23,55.6,2025-12-24 03:00:00
6.1731,0.0,977.14,56.5,2025-12-24 04:00:00
5.9681,0.0,976.71,56.7,2025-12-24 05:00:00
5.6275,0.0,976.85,57.6,2025-12-24 06:00:00
5.1823,0.0,977.71,61.1,2025-12-24 07:00:00
5.214,1.68,977.67,52.7,2025-12-24 08:00:00
5.8287,51.08,978.13,49.7,2025-12-24 09:00:00
6.6035,185.2,978.83,48.0,2025-12-24 10:00:00
7.6081,316.98,979.22,45.9,2025-12-24 11:00:00
8.2839,341.06,978.23,43.6,2025-12-24 12:00:00
8.9399,340.58,977.42,40.8,2025-12-24 13:00:00
9.8084,361.46,976.93,37.9,2025-12-24 14:00:00
10.402,343.94,976.55,36.0,2025-12-24 15:00:00
10.491,183.58,976.63,36.4,2025-12-24 16:00:00
9.9193,100.14,976.99,41.3,2025-12-24 17:00:00
8.6284,11.14,977.88,44.6,2025-12-24 18:00:00
8.1512,0.0,979.13,45.9,2025-12-24 19:00:00
7.6599,0.080017,980.12,47.0,2025-12-24 20:00:00
7.0742,0.0,980.82,47.2,2025-12-24 21:00:00
6.5175,0.0,981.76,48.4,2025-12-24 22:00:00
6.0065,0.0,982.04,49.0,2025-12-24 23:00:00
5.8571,0.0,982.22,47.3,2025-12-25 00:00:00
5.5957,0.0,982.42,46.5,2025-12-25 01:00:00
5.2361,0.0,982.65,46.2,2025-12-25 02:00:00
4.9235,0.0,982.97,48.7,2025-12-25 03:00:00
4.7784,0.0,982.54,51.5,2025-12-25 04:00:00
3.8694,0.0,982.29,54.2,2025-12-25 05:00:00
3.3688,0.0,982.65,56.4,2025-12-25 06:00:00
2.9285,0.0,983.28,58.3,2025-12-25 07:00:00
2.6174,3.84,983.68,57.3,2025-12-25 08:00:00
4.2784,111.16,984.25,52.3,2025-12-25 09:00:00
5.925,290.64,985.18,46.2,2025-12-25 10:00:00
7.2088,443.42,985.07,41.6,2025-12-25 11:00:00
8.2469,545.66,983.73,35.2,2025-12-25 12:00:00
8.9373,586.82,982.49,27.5,2025-12-25 13:00:00
9.2627,562.94,981.52,24.8,2025-12-25 14:00:00
9.2751,474.98,980.96,24.1,2025-12-25 15:00:00
8.9004,332.42,980.19,25.5,2025-12-25 16:00:00
7.9059,154.94,980.07,32.9,2025-12-25 17:00:00
6.0751,14.22,980.06,41.5,2025-12-25 18:00:00
5.1842,0.040039,980.09,44.2,2025-12-25 19:00:00
4.5003,0.0,980.12,45.6,2025-12-25 20:00:00
4.2189,0.0,980.04,46.1,2025-12-25 21:00:00
4.0993,0.0,979.93,46.4,2025-12-25 22:00:00
4.0461,0.0,979.91,47.0,2025-12-25 23:00:00
4.0385,0.0,979.23,47.3,2025-12-26 00:00:00
3.2633,0.0,978.79,49.2,2025-12-26 01:00:00
3.576,0.0,978.33,49.6,2025-12-26 02:00:00
3.3783,0.0,978.67,50.8,2025-12-26 03:00:00
2.5372,0.0,977.87,54.3,2025-12-26 04:00:00
2.1656,0.0,977.09,56.2,2025-12-26 05:00:00
2.1328,0.0,976.83,57.3,2025-12-26 06:00:00
1.6935,0.0,976.87,58.9,2025-12-26 07:00:00
1.8247,3.48,976.68,58.0,2025-12-26 08:00:00
3.1548,101.46,977.47,53.2,2025-12-26 09:00:00
4.5477,277.1,978.15,48.0,2025-12-26 10:00:00
5.6763,426.52,977.86,44.6,2025-12-26 11:00:00
6.629,526.28,976.65,42.0,2025-12-26 12:00:00
7.4256,566.04,975.29,40.0,2025-12-26 13:00:00
8.0546,541.72,974.52,38.5,2025-12-26 14:00:00
8.4014,455.5,974.21,37.7,2025-12-26 15:00:00
8.4612,316.46,974.11,37.8,2025-12-26 16:00:00
8.0133,145.56,974.33,40.9,2025-12-26 17:00:00
6.5945,13.68,974.62,46.2,2025-12-26 18:00:00
6.0995,0.099976,975.05,47.9,2025-12-26 19:00:00
5.6886,0.0,975.09,49.1,2025-12-26 20:00:00
5.3103,0.0,975.23,50.3,2025-12-26 21:00:00
4.924,0.0,975.51,51.9,2025-12-26 22:00:00
4.5234,0.0,975.84,53.9,2025-12-26 23:00:00
4.1533,0.0,975.39,55.7,2025-12-27 00:00:00
3.7631,0.0,975.23,57.8,2025-12-27 01:00:00
3.5957,0.0,975.26,59.1,2025-12-27 02:00:00
3.2615,0.0,975.16,60.6,2025-12-27 03:00:00
2.979,0.0,974.51,62.0,2025-12-27 04:00:00
2.7416,0.0,974.26,63.3,2025-12-27 05:00:00
2.5429,0.0,974.54,64.6,2025-12-27 06:00:00
2.3805,0.0,975.04,65.5,2025-12-27 07:00:00
2.3211,3.24,974.56,69.0,2025-12-27 08:00:00
4.0544,103.82,975.02,62.9,2025-12-27 09:00:00
6.0878,278.06,976.01,55.6,2025-12-27 10:00:00
7.881,427.76,975.77,50.7,2025-12-27 11:00:00
9.5462,528.84,975.05,47.1,2025-12-27 12:00:00
10.946,569.32,973.96,44.7,2025-12-27 13:00:00
11.85,545.36,973.0,42.9,2025-12-27 14:00:00
12.19,424.58,972.68,42.1,2025-12-27 15:00:00
12.253,304.9,972.78,42.2,2025-12-27 16:00:00
11.388,141.42,972.88,48.0,2025-12-27 17:00:00
9.7831,14.22,973.55,52.2,2025-12-27 18:00:00
9.251,0.0,973.81,54.3,2025-12-27 19:00:00
8.7701,0.019958,973.8,56.0,2025-12-27 20:00:00
8.0152,0.0,974.04,58.7,2025-12-27 21:00:00
7.6143,0.0,974.07,60.5,2025-12-27 22:00:00
7.1202,0.0,974.08,62.7,2025-12-27 23:00:00
6.5479,0.0,973.93,65.5,2025-12-28 00:00:00
6.1071,0.0,973.35,67.7,2025-12-28 01:00:00
5.7658,0.0,973.08,69.5,2025-12-28 02:00:00
5.3911,0.0,972.61,70.8,2025-12-28 03:00:00
5.07,0.0,971.91,71.9,2025-12-28 04:00:00
4.7884,0.0,971.5,73.1,2025-12-28 05:00:00
4.5393,0.0,971.57,74.0,2025-12-28 06:00:00
4.3112,0.0,971.93,75.1,2025-12-28 07:00:00
4.277,3.12,971.78,78.1,2025-12-28 08:00:00
5.8652,100.44,972.33,71.5,2025-12-28 09:00:00
7.5619,272.52,973.21,64.4,2025-12-28 10:00:00
9.1694,421.44,972.92,59.0,2025-12-28 11:00:00
10.646,522.96,971.6,55.2,2025-12-28 12:00:00
12.03,564.54,970.25,52.0,2025-12-28 13:00:00
13.252,542.1,969.17,49.0,2025-12-28 14:00:00
14.059,456.68,968.54,46.8,2025-12-28 15:00:00
14.387,318.28,968.26,45.9,2025-12-28 16:00:00
13.412,149.04,968.52,50.9,2025-12-28 17:00:00
11.774,14.88,969.11,54.4,2025-12-28 18:00:00
11.095,0.02002,969.82,57.0,2025-12-28 19:00:00
10.482,0.0,970.1,59.9,2025-12-28 20:00:00
9.8981,0.0,970.37,62.8,2025-12-28 21:00:00
9.4196,0.0,970.78,65.1,2025-12-28 22:00:00
8.9488,0.0,971.12,66.9,2025-12-28 23:00:00
8.4745,0.0,970.95,68.7,2025-12-29 00:00:00
8.0509,0.0,970.89,70.3,2025-12-29 01:00:00
7.7598,0.0,971.21,71.5,2025-12-29 02:00:00
7.4704,0.0,971.34,72.3,2025-12-29 03:00:00
7.1971,0.0,971.08,73.1,2025-12-29 04:00:00
7.0562,0.0,970.88,73.8,2025-12-29 05:00:00
6.8463,0.0,971.3,74.5,2025-12-29 06:00:00
6.551,0.0,972.12,75.5,2025-12-29 07:00:00
6.0259,3.0,972.93,74.4,2025-12-29 08:00:00
7.619,86.22,973.63,68.3,2025-12-29 09:00:00
9.1515,220.58,974.46,61.6,2025-12-29 10:00:00
10.765,402.7,974.43,55.9,2025-12-29 11:00:00
11.786,449.14,973.42,51.8,2025-12-29 12:00:00
12.639,517.16,972.22,46.9,2025-12-29 13:00:00
13.191,427.32,971.87,41.8,2025-12-29 14:00:00
13.535,394.52,971.82,39.7,2025-12-29 15:00:00
13.314,262.08,971.57,43.1,2025-12-29 16:00:00
12.518,136.54,971.89,50.9,2025-12-29 17:00:00
10.772,15.34,972.67,58.4,2025-12-29 18:00:00
10.015,0.02002,973.36,61.2,2025-12-29 19:00:00
9.4647,0.0,973.94,60.7,2025-12-29 20:00:00
8.663,0.0,974.14,56.9,2025-12-29 21:00:00
7.8689,0.0,974.44,51.9,2025-12-29 22:00:00
7.3321,0.0,974.54,50.9,2025-12-29 23:00:00
6.8562,0.0,974.36,51.9,2025-12-30 00:00:00
6.4905,0.0,974.38,52.4,2025-12-30 01:00:00
6.1274,0.0,974.59,52.3,2025-12-30 02:00:00
5.7964,0.0,974.77,52.2,2025-12-30 03:00:00
5.429,0.0,974.02,52.8,2025-12-30 04:00:00
5.1905,0.0,973.9,52.8,2025-12-30 05:00:00
5.0037,0.0,974.47,53.0,2025-12-30 06:00:00
4.8369,0.0,975.01,53.2,2025-12-30 07:00:00
4.7133,3.0,974.96,54.6,2025-12-30 08:00:00
6.1316,63.94,975.31,50.0,2025-12-30 09:00:00
7.2319,134.66,976.1,45.8,2025-12-30 10:00:00
7.9864,181.56,975.93,42.4,2025-12-30 11:00:00
9.0636,319.6,974.99,38.0,2025-12-30 12:00:00
9.7683,328.14,973.65,35.9,2025-12-30 13:00:00
9.9736,248.9,973.07,35.2,2025-12-30 14:00:00
9.8862,166.02,972.81,35.7,2025-12-30 15:00:00
9.96,192.82,972.71,36.0,2025-12-30 16:00:00
9.3009,101.18,972.83,39.8,2025-12-30 17:00:00
8.0685,13.98,973.4,44.5,2025-12-30 18:00:00
7.5437,0.0,973.97,46.8,2025-12-30 19:00:00
7.0154,0.0,974.4,50.1,2025-12-30 20:00:00
7.6255,0.0,974.79,50.6,2025-12-30 21:00:00
7.6342,0.0,975.53,54.6,2025-12-30 22:00:00
7.0245,0.0,975.8,61.4,2025-12-30 23:00:00
6.4738,0.0,975.75,64.8,2025-12-31 00:00:00
